Date,Close
,042700.KS
2014-01-02 00:00:00+00:00,2110.0
2014-01-03 00:00:00+00:00,2100.0
2014-01-06 00:00:00+00:00,2070.0
2014-01-07 00:00:00+00:00,2100.0
2014-01-08 00:00:00+00:00,2030.0
2014-01-09 00:00:00+00:00,1980.0
2014-01-10 00:00:00+00:00,2020.0
2014-01-13 00:00:00+00:00,2010.0
2014-01-14 00:00:00+00:00,1980.0
2014-01-15 00:00:00+00:00,2020.0
2014-01-16 00:00:00+00:00,1996.0
2014-01-17 00:00:00+00:00,2000.0
2014-01-20 00:00:00+00:00,2030.0
2014-01-21 00:00:00+00:00,2030.0
2014-01-22 00:00:00+00:00,1996.0
2014-01-23 00:00:00+00:00,2040.0
2014-01-24 00:00:00+00:00,2130.0
2014-01-27 00:00:00+00:00,2170.0
2014-01-28 00:00:00+00:00,2170.0
2014-01-29 00:00:00+00:00,2190.0
2014-02-03 00:00:00+00:00,2140.0
2014-02-04 00:00:00+00:00,2090.0
2014-02-05 00:00:00+00:00,2140.0
2014-02-06 00:00:00+00:00,2180.0
2014-02-07 00:00:00+00:00,2170.0
2014-02-10 00:00:00+00:00,2160.0
2014-02-11 00:00:00+00:00,2160.0
2014-02-12 00:00:00+00:00,2160.0
2014-02-13 00:00:00+00:00,2110.0
2014-02-14 00:00:00+00:00,2180.0
2014-02-17 00:00:00+00:00,2220.0
2014-02-18 00:00:00+00:00,2240.0
2014-02-19 00:00:00+00:00,2240.0
2014-02-20 00:00:00+00:00,2250.0
2014-02-21 00:00:00+00:00,2280.0
2014-02-24 00:00:00+00:00,2280.0
2014-02-25 00:00:00+00:00,2280.0
2014-02-26 00:00:00+00:00,2300.0
2014-02-27 00:00:00+00:00,2230.0
2014-02-28 00:00:00+00:00,2320.0
2014-03-03 00:00:00+00:00,2320.0
2014-03-04 00:00:00+00:00,2350.0
2014-03-05 00:00:00+00:00,2360.0
2014-03-06 00:00:00+00:00,2340.0
2014-03-07 00:00:00+00:00,2310.0
2014-03-10 00:00:00+00:00,2300.0
2014-03-11 00:00:00+00:00,2350.0
2014-03-12 00:00:00+00:00,2380.0
2014-03-13 00:00:00+00:00,2420.0
2014-03-14 00:00:00+00:00,2440.0
2014-03-17 00:00:00+00:00,2370.0
2014-03-18 00:00:00+00:00,2440.0
2014-03-19 00:00:00+00:00,2450.0
2014-03-20 00:00:00+00:00,2500.0
2014-03-21 00:00:00+00:00,2500.0
2014-03-24 00:00:00+00:00,2530.0
2014-03-25 00:00:00+00:00,2560.0
2014-03-26 00:00:00+00:00,2700.0
2014-03-27 00:00:00+00:00,2700.0
2014-03-28 00:00:00+00:00,2730.0
2014-03-31 00:00:00+00:00,2630.0
2014-04-01 00:00:00+00:00,2630.0
2014-04-02 00:00:00+00:00,2640.0
2014-04-03 00:00:00+00:00,2650.0
2014-04-04 00:00:00+00:00,2640.0
2014-04-07 00:00:00+00:00,2760.0
2014-04-08 00:00:00+00:00,2870.0
2014-04-09 00:00:00+00:00,2780.0
2014-04-10 00:00:00+00:00,2840.0
2014-04-11 00:00:00+00:00,2800.0
2014-04-14 00:00:00+00:00,2790.0
2014-04-15 00:00:00+00:00,2790.0
2014-04-16 00:00:00+00:00,2750.0
2014-04-17 00:00:00+00:00,2750.0
2014-04-18 00:00:00+00:00,2870.0
2014-04-21 00:00:00+00:00,2920.0
2014-04-22 00:00:00+00:00,2930.0
2014-04-23 00:00:00+00:00,2890.0
2014-04-24 00:00:00+00:00,2830.0
2014-04-25 00:00:00+00:00,2920.0
2014-04-28 00:00:00+00:00,2990.0
2014-04-29 00:00:00+00:00,2990.0
2014-04-30 00:00:00+00:00,2980.0
2014-05-02 00:00:00+00:00,3040.0
2014-05-07 00:00:00+00:00,3000.0
2014-05-08 00:00:00+00:00,3080.0
2014-05-09 00:00:00+00:00,3060.0
2014-05-12 00:00:00+00:00,3020.0
2014-05-13 00:00:00+00:00,3030.0
2014-05-14 00:00:00+00:00,3040.0
2014-05-15 00:00:00+00:00,3010.0
2014-05-16 00:00:00+00:00,2950.0
2014-05-19 00:00:00+00:00,2860.0
2014-05-20 00:00:00+00:00,2870.0
2014-05-21 00:00:00+00:00,2860.0
2014-05-22 00:00:00+00:00,2920.0
2014-05-23 00:00:00+00:00,2930.0
2014-05-26 00:00:00+00:00,2920.0
2014-05-27 00:00:00+00:00,2870.0
2014-05-28 00:00:00+00:00,2830.0
2014-05-29 00:00:00+00:00,2990.0
2014-05-30 00:00:00+00:00,2930.0
2014-06-02 00:00:00+00:00,2870.0
2014-06-03 00:00:00+00:00,2840.0
2014-06-05 00:00:00+00:00,2810.0
2014-06-09 00:00:00+00:00,2840.0
2014-06-10 00:00:00+00:00,2840.0
2014-06-11 00:00:00+00:00,2890.0
2014-06-12 00:00:00+00:00,2960.0
2014-06-13 00:00:00+00:00,2940.0
2014-06-16 00:00:00+00:00,2940.0
2014-06-17 00:00:00+00:00,2940.0
2014-06-18 00:00:00+00:00,3000.0
2014-06-19 00:00:00+00:00,3000.0
2014-06-20 00:00:00+00:00,2990.0
2014-06-23 00:00:00+00:00,3040.0
2014-06-24 00:00:00+00:00,2880.0
2014-06-25 00:00:00+00:00,2780.0
2014-06-26 00:00:00+00:00,2900.0
2014-06-27 00:00:00+00:00,2910.0
2014-06-30 00:00:00+00:00,2850.0
2014-07-01 00:00:00+00:00,2980.0
2014-07-02 00:00:00+00:00,2980.0
2014-07-03 00:00:00+00:00,2970.0
2014-07-04 00:00:00+00:00,2960.0
2014-07-07 00:00:00+00:00,2980.0
2014-07-08 00:00:00+00:00,2940.0
2014-07-09 00:00:00+00:00,2890.0
2014-07-10 00:00:00+00:00,2860.0
2014-07-11 00:00:00+00:00,2880.0
2014-07-14 00:00:00+00:00,2860.0
2014-07-15 00:00:00+00:00,3040.0
2014-07-16 00:00:00+00:00,3040.0
2014-07-17 00:00:00+00:00,3120.0
2014-07-18 00:00:00+00:00,3070.0
2014-07-21 00:00:00+00:00,3070.0
2014-07-22 00:00:00+00:00,3080.0
2014-07-23 00:00:00+00:00,3130.0
2014-07-24 00:00:00+00:00,3120.0
2014-07-25 00:00:00+00:00,3170.0
2014-07-28 00:00:00+00:00,3060.0
2014-07-29 00:00:00+00:00,2930.0
2014-07-30 00:00:00+00:00,2930.0
2014-07-31 00:00:00+00:00,2950.0
2014-08-01 00:00:00+00:00,2890.0
2014-08-04 00:00:00+00:00,2950.0
2014-08-05 00:00:00+00:00,3020.0
2014-08-06 00:00:00+00:00,3100.0
2014-08-07 00:00:00+00:00,3040.0
2014-08-08 00:00:00+00:00,3040.0
2014-08-11 00:00:00+00:00,2990.0
2014-08-12 00:00:00+00:00,2980.0
2014-08-13 00:00:00+00:00,3180.0
2014-08-14 00:00:00+00:00,3130.0
2014-08-18 00:00:00+00:00,3080.0
2014-08-19 00:00:00+00:00,3070.0
2014-08-20 00:00:00+00:00,3000.0
2014-08-21 00:00:00+00:00,3160.0
2014-08-22 00:00:00+00:00,3070.0
2014-08-25 00:00:00+00:00,3090.0
2014-08-26 00:00:00+00:00,3110.0
2014-08-27 00:00:00+00:00,3080.0
2014-08-28 00:00:00+00:00,3060.0
2014-08-29 00:00:00+00:00,3030.0
2014-09-01 00:00:00+00:00,3480.0
2014-09-02 00:00:00+00:00,3330.0
2014-09-03 00:00:00+00:00,3310.0
2014-09-04 00:00:00+00:00,3270.0
2014-09-05 00:00:00+00:00,3340.0
2014-09-11 00:00:00+00:00,3590.0
2014-09-12 00:00:00+00:00,3450.0
2014-09-15 00:00:00+00:00,3390.0
2014-09-16 00:00:00+00:00,3370.0
2014-09-17 00:00:00+00:00,3410.0
2014-09-18 00:00:00+00:00,3410.0
2014-09-19 00:00:00+00:00,3350.0
2014-09-22 00:00:00+00:00,3370.0
2014-09-23 00:00:00+00:00,3220.0
2014-09-24 00:00:00+00:00,3260.0
2014-09-25 00:00:00+00:00,3240.0
2014-09-26 00:00:00+00:00,3300.0
2014-09-29 00:00:00+00:00,3290.0
2014-09-30 00:00:00+00:00,3310.0
2014-10-01 00:00:00+00:00,3340.0
2014-10-02 00:00:00+00:00,3340.0
2014-10-06 00:00:00+00:00,3310.0
2014-10-07 00:00:00+00:00,3550.0
2014-10-08 00:00:00+00:00,3460.0
2014-10-10 00:00:00+00:00,3620.0
2014-10-13 00:00:00+00:00,3380.0
2014-10-14 00:00:00+00:00,3480.0
2014-10-15 00:00:00+00:00,3440.0
2014-10-16 00:00:00+00:00,3370.0
2014-10-17 00:00:00+00:00,3210.0
2014-10-20 00:00:00+00:00,3300.0
2014-10-21 00:00:00+00:00,3310.0
2014-10-22 00:00:00+00:00,3380.0
2014-10-23 00:00:00+00:00,3470.0
2014-10-24 00:00:00+00:00,3450.0
2014-10-27 00:00:00+00:00,3440.0
2014-10-28 00:00:00+00:00,3390.0
2014-10-29 00:00:00+00:00,3280.0
2014-10-30 00:00:00+00:00,3170.0
2014-10-31 00:00:00+00:00,3180.0
2014-11-03 00:00:00+00:00,3100.0
2014-11-04 00:00:00+00:00,3020.0
2014-11-05 00:00:00+00:00,3150.0
2014-11-06 00:00:00+00:00,3040.0
2014-11-07 00:00:00+00:00,3110.0
2014-11-10 00:00:00+00:00,3060.0
2014-11-11 00:00:00+00:00,3140.0
2014-11-12 00:00:00+00:00,3290.0
2014-11-13 00:00:00+00:00,3290.0
2014-11-14 00:00:00+00:00,3290.0
2014-11-17 00:00:00+00:00,3190.0
2014-11-18 00:00:00+00:00,3190.0
2014-11-19 00:00:00+00:00,3290.0
2014-11-20 00:00:00+00:00,3270.0
2014-11-21 00:00:00+00:00,3270.0
2014-11-24 00:00:00+00:00,3280.0
2014-11-25 00:00:00+00:00,3210.0
2014-11-26 00:00:00+00:00,3220.0
2014-11-27 00:00:00+00:00,3200.0
2014-11-28 00:00:00+00:00,3190.0
2014-12-01 00:00:00+00:00,3200.0
2014-12-02 00:00:00+00:00,3230.0
2014-12-03 00:00:00+00:00,3200.0
2014-12-04 00:00:00+00:00,3280.0
2014-12-05 00:00:00+00:00,3270.0
2014-12-08 00:00:00+00:00,3300.0
2014-12-09 00:00:00+00:00,3290.0
2014-12-10 00:00:00+00:00,3320.0
2014-12-11 00:00:00+00:00,3380.0
2014-12-12 00:00:00+00:00,3400.0
2014-12-15 00:00:00+00:00,3300.0
2014-12-16 00:00:00+00:00,3270.0
2014-12-17 00:00:00+00:00,3230.0
2014-12-18 00:00:00+00:00,3100.0
2014-12-19 00:00:00+00:00,3230.0
2014-12-22 00:00:00+00:00,3300.0
2014-12-23 00:00:00+00:00,3320.0
2014-12-24 00:00:00+00:00,3310.0
2014-12-26 00:00:00+00:00,3330.0
2014-12-29 00:00:00+00:00,3280.0
2014-12-30 00:00:00+00:00,3240.0
2015-01-02 00:00:00+00:00,3260.0
2015-01-05 00:00:00+00:00,3200.0
2015-01-06 00:00:00+00:00,3190.0
2015-01-07 00:00:00+00:00,3230.0
2015-01-08 00:00:00+00:00,3320.0
2015-01-09 00:00:00+00:00,3320.0
2015-01-12 00:00:00+00:00,3310.0
2015-01-13 00:00:00+00:00,3240.0
2015-01-14 00:00:00+00:00,3280.0
2015-01-15 00:00:00+00:00,3320.0
2015-01-16 00:00:00+00:00,3470.0
2015-01-19 00:00:00+00:00,3590.0
2015-01-20 00:00:00+00:00,3530.0
2015-01-21 00:00:00+00:00,3460.0
2015-01-22 00:00:00+00:00,3420.0
2015-01-23 00:00:00+00:00,3470.0
2015-01-26 00:00:00+00:00,3530.0
2015-01-27 00:00:00+00:00,3540.0
2015-01-28 00:00:00+00:00,3550.0
2015-01-29 00:00:00+00:00,3480.0
2015-01-30 00:00:00+00:00,3450.0
2015-02-02 00:00:00+00:00,3450.0
2015-02-03 00:00:00+00:00,3510.0
2015-02-04 00:00:00+00:00,3530.0
2015-02-05 00:00:00+00:00,3490.0
2015-02-06 00:00:00+00:00,3480.0
2015-02-09 00:00:00+00:00,3590.0
2015-02-10 00:00:00+00:00,3630.0
2015-02-11 00:00:00+00:00,3650.0
2015-02-12 00:00:00+00:00,3660.0
2015-02-13 00:00:00+00:00,3660.0
2015-02-16 00:00:00+00:00,3570.0
2015-02-17 00:00:00+00:00,3580.0
2015-02-23 00:00:00+00:00,3570.0
2015-02-24 00:00:00+00:00,3570.0
2015-02-25 00:00:00+00:00,3510.0
2015-02-26 00:00:00+00:00,3600.0
2015-02-27 00:00:00+00:00,3640.0
2015-03-02 00:00:00+00:00,3650.0
2015-03-03 00:00:00+00:00,3670.0
2015-03-04 00:00:00+00:00,3640.0
2015-03-05 00:00:00+00:00,3680.0
2015-03-06 00:00:00+00:00,3670.0
2015-03-09 00:00:00+00:00,3580.0
2015-03-10 00:00:00+00:00,3580.0
2015-03-11 00:00:00+00:00,3540.0
2015-03-12 00:00:00+00:00,3580.0
2015-03-13 00:00:00+00:00,3560.0
2015-03-16 00:00:00+00:00,3500.0
2015-03-17 00:00:00+00:00,3460.0
2015-03-18 00:00:00+00:00,3370.0
2015-03-19 00:00:00+00:00,3320.0
2015-03-20 00:00:00+00:00,3400.0
2015-03-23 00:00:00+00:00,3360.0
2015-03-24 00:00:00+00:00,3350.0
2015-03-25 00:00:00+00:00,3360.0
2015-03-26 00:00:00+00:00,3370.0
2015-03-27 00:00:00+00:00,3210.0
2015-03-30 00:00:00+00:00,3230.0
2015-03-31 00:00:00+00:00,3230.0
2015-04-01 00:00:00+00:00,3320.0
2015-04-02 00:00:00+00:00,3330.0
2015-04-03 00:00:00+00:00,3330.0
2015-04-06 00:00:00+00:00,3320.0
2015-04-07 00:00:00+00:00,3330.0
2015-04-08 00:00:00+00:00,3300.0
2015-04-09 00:00:00+00:00,3280.0
2015-04-10 00:00:00+00:00,3310.0
2015-04-13 00:00:00+00:00,3470.0
2015-04-14 00:00:00+00:00,3290.0
2015-04-15 00:00:00+00:00,3300.0
2015-04-16 00:00:00+00:00,3270.0
2015-04-17 00:00:00+00:00,3320.0
2015-04-20 00:00:00+00:00,3240.0
2015-04-21 00:00:00+00:00,3260.0
2015-04-22 00:00:00+00:00,3100.0
2015-04-23 00:00:00+00:00,3130.0
2015-04-24 00:00:00+00:00,3170.0
2015-04-27 00:00:00+00:00,3190.0
2015-04-28 00:00:00+00:00,3210.0
2015-04-29 00:00:00+00:00,3180.0
2015-04-30 00:00:00+00:00,3020.0
2015-05-04 00:00:00+00:00,3020.0
2015-05-06 00:00:00+00:00,2820.0
2015-05-07 00:00:00+00:00,2870.0
2015-05-08 00:00:00+00:00,2940.0
2015-05-11 00:00:00+00:00,2920.0
2015-05-12 00:00:00+00:00,2820.0
2015-05-13 00:00:00+00:00,2980.0
2015-05-14 00:00:00+00:00,3050.0
2015-05-15 00:00:00+00:00,3100.0
2015-05-18 00:00:00+00:00,3120.0
2015-05-19 00:00:00+00:00,2990.0
2015-05-20 00:00:00+00:00,3000.0
2015-05-21 00:00:00+00:00,2720.0
2015-05-22 00:00:00+00:00,2650.0
2015-05-26 00:00:00+00:00,2710.0
2015-05-27 00:00:00+00:00,2640.0
2015-05-28 00:00:00+00:00,2680.0
2015-05-29 00:00:00+00:00,2750.0
2015-06-01 00:00:00+00:00,2820.0
2015-06-02 00:00:00+00:00,2670.0
2015-06-03 00:00:00+00:00,2630.0
2015-06-04 00:00:00+00:00,2600.0
2015-06-05 00:00:00+00:00,2660.0
2015-06-08 00:00:00+00:00,2650.0
2015-06-09 00:00:00+00:00,2650.0
2015-06-10 00:00:00+00:00,2750.0
2015-06-11 00:00:00+00:00,2590.0
2015-06-12 00:00:00+00:00,2650.0
2015-06-15 00:00:00+00:00,2720.0
2015-06-16 00:00:00+00:00,2720.0
2015-06-17 00:00:00+00:00,2670.0
2015-06-18 00:00:00+00:00,2730.0
2015-06-19 00:00:00+00:00,2690.0
2015-06-22 00:00:00+00:00,2800.0
2015-06-23 00:00:00+00:00,2780.0
2015-06-24 00:00:00+00:00,2730.0
2015-06-25 00:00:00+00:00,2750.0
2015-06-26 00:00:00+00:00,2750.0
2015-06-29 00:00:00+00:00,2710.0
2015-06-30 00:00:00+00:00,2770.0
2015-07-01 00:00:00+00:00,2770.0
2015-07-02 00:00:00+00:00,2720.0
2015-07-03 00:00:00+00:00,2740.0
2015-07-06 00:00:00+00:00,2680.0
2015-07-07 00:00:00+00:00,2660.0
2015-07-08 00:00:00+00:00,2670.0
2015-07-09 00:00:00+00:00,2620.0
2015-07-10 00:00:00+00:00,2660.0
2015-07-13 00:00:00+00:00,2690.0
2015-07-14 00:00:00+00:00,2700.0
2015-07-15 00:00:00+00:00,2670.0
2015-07-16 00:00:00+00:00,2750.0
2015-07-17 00:00:00+00:00,2720.0
2015-07-20 00:00:00+00:00,2770.0
2015-07-21 00:00:00+00:00,2720.0
2015-07-22 00:00:00+00:00,2180.0
2015-07-23 00:00:00+00:00,2070.0
2015-07-24 00:00:00+00:00,2040.0
2015-07-27 00:00:00+00:00,2060.0
2015-07-28 00:00:00+00:00,2040.0
2015-07-29 00:00:00+00:00,1960.0
2015-07-30 00:00:00+00:00,1932.0
2015-07-31 00:00:00+00:00,2060.0
2015-08-03 00:00:00+00:00,2070.0
2015-08-04 00:00:00+00:00,2170.0
2015-08-05 00:00:00+00:00,2210.0
2015-08-06 00:00:00+00:00,2190.0
2015-08-07 00:00:00+00:00,2170.0
2015-08-10 00:00:00+00:00,2210.0
2015-08-11 00:00:00+00:00,2190.0
2015-08-12 00:00:00+00:00,2070.0
2015-08-13 00:00:00+00:00,2160.0
2015-08-14 00:00:00+00:00,2160.0
2015-08-17 00:00:00+00:00,2220.0
2015-08-18 00:00:00+00:00,2160.0
2015-08-19 00:00:00+00:00,2130.0
2015-08-20 00:00:00+00:00,2120.0
2015-08-21 00:00:00+00:00,1992.0
2015-08-24 00:00:00+00:00,1974.0
2015-08-25 00:00:00+00:00,1990.0
2015-08-26 00:00:00+00:00,2000.0
2015-08-27 00:00:00+00:00,1976.0
2015-08-28 00:00:00+00:00,2000.0
2015-08-31 00:00:00+00:00,1986.0
2015-09-01 00:00:00+00:00,1990.0
2015-09-02 00:00:00+00:00,2000.0
2015-09-03 00:00:00+00:00,2000.0
2015-09-04 00:00:00+00:00,1980.0
2015-09-07 00:00:00+00:00,1992.0
2015-09-08 00:00:00+00:00,1976.0
2015-09-09 00:00:00+00:00,2000.0
2015-09-10 00:00:00+00:00,2010.0
2015-09-11 00:00:00+00:00,1998.0
2015-09-14 00:00:00+00:00,2040.0
2015-09-15 00:00:00+00:00,2050.0
2015-09-16 00:00:00+00:00,2060.0
2015-09-17 00:00:00+00:00,2000.0
2015-09-18 00:00:00+00:00,2030.0
2015-09-21 00:00:00+00:00,2040.0
2015-09-22 00:00:00+00:00,2060.0
2015-09-23 00:00:00+00:00,2050.0
2015-09-24 00:00:00+00:00,2030.0
2015-09-25 00:00:00+00:00,2030.0
2015-09-30 00:00:00+00:00,2020.0
2015-10-01 00:00:00+00:00,2040.0
2015-10-02 00:00:00+00:00,2060.0
2015-10-05 00:00:00+00:00,2060.0
2015-10-06 00:00:00+00:00,2100.0
2015-10-07 00:00:00+00:00,2080.0
2015-10-08 00:00:00+00:00,2060.0
2015-10-12 00:00:00+00:00,2160.0
2015-10-13 00:00:00+00:00,2180.0
2015-10-14 00:00:00+00:00,2190.0
2015-10-15 00:00:00+00:00,2220.0
2015-10-16 00:00:00+00:00,2190.0
2015-10-19 00:00:00+00:00,2220.0
2015-10-20 00:00:00+00:00,2270.0
2015-10-21 00:00:00+00:00,2240.0
2015-10-22 00:00:00+00:00,2170.0
2015-10-23 00:00:00+00:00,2170.0
2015-10-26 00:00:00+00:00,2190.0
2015-10-27 00:00:00+00:00,2190.0
2015-10-28 00:00:00+00:00,2210.0
2015-10-29 00:00:00+00:00,2200.0
2015-10-30 00:00:00+00:00,2160.0
2015-11-02 00:00:00+00:00,2130.0
2015-11-03 00:00:00+00:00,2180.0
2015-11-04 00:00:00+00:00,2190.0
2015-11-05 00:00:00+00:00,2200.0
2015-11-06 00:00:00+00:00,2160.0
2015-11-09 00:00:00+00:00,2120.0
2015-11-10 00:00:00+00:00,2060.0
2015-11-11 00:00:00+00:00,2010.0
2015-11-12 00:00:00+00:00,2030.0
2015-11-13 00:00:00+00:00,2050.0
2015-11-16 00:00:00+00:00,2030.0
2015-11-17 00:00:00+00:00,2030.0
2015-11-18 00:00:00+00:00,1996.0
2015-11-19 00:00:00+00:00,2090.0
2015-11-20 00:00:00+00:00,2140.0
2015-11-23 00:00:00+00:00,2110.0
2015-11-24 00:00:00+00:00,2090.0
2015-11-25 00:00:00+00:00,2080.0
2015-11-26 00:00:00+00:00,2130.0
2015-11-27 00:00:00+00:00,2130.0
2015-11-30 00:00:00+00:00,2080.0
2015-12-01 00:00:00+00:00,2130.0
2015-12-02 00:00:00+00:00,2130.0
2015-12-03 00:00:00+00:00,2150.0
2015-12-04 00:00:00+00:00,2150.0
2015-12-07 00:00:00+00:00,2150.0
2015-12-08 00:00:00+00:00,2110.0
2015-12-09 00:00:00+00:00,2120.0
2015-12-10 00:00:00+00:00,2100.0
2015-12-11 00:00:00+00:00,2150.0
2015-12-14 00:00:00+00:00,2260.0
2015-12-15 00:00:00+00:00,2280.0
2015-12-16 00:00:00+00:00,2210.0
2015-12-17 00:00:00+00:00,2290.0
2015-12-18 00:00:00+00:00,2350.0
2015-12-21 00:00:00+00:00,2360.0
2015-12-22 00:00:00+00:00,2370.0
2015-12-23 00:00:00+00:00,2400.0
2015-12-24 00:00:00+00:00,2440.0
2015-12-28 00:00:00+00:00,2440.0
2015-12-29 00:00:00+00:00,2400.0
2015-12-30 00:00:00+00:00,2500.0
2016-01-04 00:00:00+00:00,2480.0
2016-01-05 00:00:00+00:00,2460.0
2016-01-06 00:00:00+00:00,2570.0
2016-01-07 00:00:00+00:00,2440.0
2016-01-08 00:00:00+00:00,2460.0
2016-01-11 00:00:00+00:00,2450.0
2016-01-12 00:00:00+00:00,2530.0
2016-01-13 00:00:00+00:00,2570.0
2016-01-14 00:00:00+00:00,2480.0
2016-01-15 00:00:00+00:00,2610.0
2016-01-18 00:00:00+00:00,2630.0
2016-01-19 00:00:00+00:00,2600.0
2016-01-20 00:00:00+00:00,2520.0
2016-01-21 00:00:00+00:00,2540.0
2016-01-22 00:00:00+00:00,2600.0
2016-01-25 00:00:00+00:00,2530.0
2016-01-26 00:00:00+00:00,2520.0
2016-01-27 00:00:00+00:00,2490.0
2016-01-28 00:00:00+00:00,2570.0
2016-01-29 00:00:00+00:00,2500.0
2016-02-01 00:00:00+00:00,2440.0
2016-02-02 00:00:00+00:00,2480.0
2016-02-03 00:00:00+00:00,2540.0
2016-02-04 00:00:00+00:00,2480.0
2016-02-05 00:00:00+00:00,2480.0
2016-02-11 00:00:00+00:00,2370.0
2016-02-12 00:00:00+00:00,2360.0
2016-02-15 00:00:00+00:00,2470.0
2016-02-16 00:00:00+00:00,2480.0
2016-02-17 00:00:00+00:00,2530.0
2016-02-18 00:00:00+00:00,2550.0
2016-02-19 00:00:00+00:00,2550.0
2016-02-22 00:00:00+00:00,2660.0
2016-02-23 00:00:00+00:00,2680.0
2016-02-24 00:00:00+00:00,2650.0
2016-02-25 00:00:00+00:00,2630.0
2016-02-26 00:00:00+00:00,2640.0
2016-02-29 00:00:00+00:00,2640.0
2016-03-02 00:00:00+00:00,2620.0
2016-03-03 00:00:00+00:00,2670.0
2016-03-04 00:00:00+00:00,2620.0
2016-03-07 00:00:00+00:00,2530.0
2016-03-08 00:00:00+00:00,2550.0
2016-03-09 00:00:00+00:00,2540.0
2016-03-10 00:00:00+00:00,2560.0
2016-03-11 00:00:00+00:00,2490.0
2016-03-14 00:00:00+00:00,2460.0
2016-03-15 00:00:00+00:00,2510.0
2016-03-16 00:00:00+00:00,2580.0
2016-03-17 00:00:00+00:00,2640.0
2016-03-18 00:00:00+00:00,2600.0
2016-03-21 00:00:00+00:00,2570.0
2016-03-22 00:00:00+00:00,2520.0
2016-03-23 00:00:00+00:00,2600.0
2016-03-24 00:00:00+00:00,2570.0
2016-03-25 00:00:00+00:00,2900.0
2016-03-28 00:00:00+00:00,2920.0
2016-03-29 00:00:00+00:00,2880.0
2016-03-30 00:00:00+00:00,2880.0
2016-03-31 00:00:00+00:00,2940.0
2016-04-01 00:00:00+00:00,3000.0
2016-04-04 00:00:00+00:00,3080.0
2016-04-05 00:00:00+00:00,3060.0
2016-04-06 00:00:00+00:00,3000.0
2016-04-07 00:00:00+00:00,3000.0
2016-04-08 00:00:00+00:00,2960.0
2016-04-11 00:00:00+00:00,2950.0
2016-04-12 00:00:00+00:00,2990.0
2016-04-14 00:00:00+00:00,2980.0
2016-04-15 00:00:00+00:00,3160.0
2016-04-18 00:00:00+00:00,3170.0
2016-04-19 00:00:00+00:00,3240.0
2016-04-20 00:00:00+00:00,3470.0
2016-04-21 00:00:00+00:00,3440.0
2016-04-22 00:00:00+00:00,3360.0
2016-04-25 00:00:00+00:00,3240.0
2016-04-26 00:00:00+00:00,3440.0
2016-04-27 00:00:00+00:00,3290.0
2016-04-28 00:00:00+00:00,3340.0
2016-04-29 00:00:00+00:00,3400.0
2016-05-02 00:00:00+00:00,3290.0
2016-05-03 00:00:00+00:00,3340.0
2016-05-04 00:00:00+00:00,3270.0
2016-05-09 00:00:00+00:00,3190.0
2016-05-10 00:00:00+00:00,3250.0
2016-05-11 00:00:00+00:00,3250.0
2016-05-12 00:00:00+00:00,3230.0
2016-05-13 00:00:00+00:00,3220.0
2016-05-16 00:00:00+00:00,3190.0
2016-05-17 00:00:00+00:00,3270.0
2016-05-18 00:00:00+00:00,3180.0
2016-05-19 00:00:00+00:00,3090.0
2016-05-20 00:00:00+00:00,3030.0
2016-05-23 00:00:00+00:00,3060.0
2016-05-24 00:00:00+00:00,3020.0
2016-05-25 00:00:00+00:00,3060.0
2016-05-26 00:00:00+00:00,2960.0
2016-05-27 00:00:00+00:00,2990.0
2016-05-30 00:00:00+00:00,2980.0
2016-05-31 00:00:00+00:00,3050.0
2016-06-01 00:00:00+00:00,3110.0
2016-06-02 00:00:00+00:00,3040.0
2016-06-03 00:00:00+00:00,3060.0
2016-06-07 00:00:00+00:00,3110.0
2016-06-08 00:00:00+00:00,3050.0
2016-06-09 00:00:00+00:00,3080.0
2016-06-10 00:00:00+00:00,3070.0
2016-06-13 00:00:00+00:00,2890.0
2016-06-14 00:00:00+00:00,2890.0
2016-06-15 00:00:00+00:00,2890.0
2016-06-16 00:00:00+00:00,2880.0
2016-06-17 00:00:00+00:00,2960.0
2016-06-20 00:00:00+00:00,2920.0
2016-06-21 00:00:00+00:00,2890.0
2016-06-22 00:00:00+00:00,2910.0
2016-06-23 00:00:00+00:00,2860.0
2016-06-24 00:00:00+00:00,2760.0
2016-06-27 00:00:00+00:00,2760.0
2016-06-28 00:00:00+00:00,2770.0
2016-06-29 00:00:00+00:00,2800.0
2016-06-30 00:00:00+00:00,2800.0
2016-07-01 00:00:00+00:00,2850.0
2016-07-04 00:00:00+00:00,2780.0
2016-07-05 00:00:00+00:00,2700.0
2016-07-06 00:00:00+00:00,2710.0
2016-07-07 00:00:00+00:00,2720.0
2016-07-08 00:00:00+00:00,2670.0
2016-07-11 00:00:00+00:00,2680.0
2016-07-12 00:00:00+00:00,2820.0
2016-07-13 00:00:00+00:00,2980.0
2016-07-14 00:00:00+00:00,2940.0
2016-07-15 00:00:00+00:00,2940.0
2016-07-18 00:00:00+00:00,2910.0
2016-07-19 00:00:00+00:00,2830.0
2016-07-20 00:00:00+00:00,2920.0
2016-07-21 00:00:00+00:00,2870.0
2016-07-22 00:00:00+00:00,2830.0
2016-07-25 00:00:00+00:00,2880.0
2016-07-26 00:00:00+00:00,2910.0
2016-07-27 00:00:00+00:00,3040.0
2016-07-28 00:00:00+00:00,2900.0
2016-07-29 00:00:00+00:00,3010.0
2016-08-01 00:00:00+00:00,3140.0
2016-08-02 00:00:00+00:00,3180.0
2016-08-03 00:00:00+00:00,3190.0
2016-08-04 00:00:00+00:00,3130.0
2016-08-05 00:00:00+00:00,3170.0
2016-08-08 00:00:00+00:00,3160.0
2016-08-09 00:00:00+00:00,3060.0
2016-08-10 00:00:00+00:00,3020.0
2016-08-11 00:00:00+00:00,2940.0
2016-08-12 00:00:00+00:00,2940.0
2016-08-16 00:00:00+00:00,2960.0
2016-08-17 00:00:00+00:00,2860.0
2016-08-18 00:00:00+00:00,3080.0
2016-08-19 00:00:00+00:00,3100.0
2016-08-22 00:00:00+00:00,3040.0
2016-08-23 00:00:00+00:00,3160.0
2016-08-24 00:00:00+00:00,3140.0
2016-08-25 00:00:00+00:00,3070.0
2016-08-26 00:00:00+00:00,3100.0
2016-08-29 00:00:00+00:00,2960.0
2016-08-30 00:00:00+00:00,2960.0
2016-08-31 00:00:00+00:00,2950.0
2016-09-01 00:00:00+00:00,2910.0
2016-09-02 00:00:00+00:00,2890.0
2016-09-05 00:00:00+00:00,2910.0
2016-09-06 00:00:00+00:00,2900.0
2016-09-07 00:00:00+00:00,2880.0
2016-09-08 00:00:00+00:00,2830.0
2016-09-09 00:00:00+00:00,2790.0
2016-09-12 00:00:00+00:00,2760.0
2016-09-13 00:00:00+00:00,2740.0
2016-09-19 00:00:00+00:00,2890.0
2016-09-20 00:00:00+00:00,2910.0
2016-09-21 00:00:00+00:00,2870.0
2016-09-22 00:00:00+00:00,2920.0
2016-09-23 00:00:00+00:00,2930.0
2016-09-26 00:00:00+00:00,2900.0
2016-09-27 00:00:00+00:00,2850.0
2016-09-28 00:00:00+00:00,2790.0
2016-09-29 00:00:00+00:00,2770.0
2016-09-30 00:00:00+00:00,2770.0
2016-10-04 00:00:00+00:00,2790.0
2016-10-05 00:00:00+00:00,2770.0
2016-10-06 00:00:00+00:00,2800.0
2016-10-07 00:00:00+00:00,2770.0
2016-10-10 00:00:00+00:00,2720.0
2016-10-11 00:00:00+00:00,2760.0
2016-10-12 00:00:00+00:00,2760.0
2016-10-13 00:00:00+00:00,2730.0
2016-10-14 00:00:00+00:00,2760.0
2016-10-17 00:00:00+00:00,2760.0
2016-10-18 00:00:00+00:00,2790.0
2016-10-19 00:00:00+00:00,2870.0
2016-10-20 00:00:00+00:00,2870.0
2016-10-21 00:00:00+00:00,3000.0
2016-10-24 00:00:00+00:00,2910.0
2016-10-25 00:00:00+00:00,2870.0
2016-10-26 00:00:00+00:00,2820.0
2016-10-27 00:00:00+00:00,2870.0
2016-10-28 00:00:00+00:00,2780.0
2016-10-31 00:00:00+00:00,2770.0
2016-11-01 00:00:00+00:00,2860.0
2016-11-02 00:00:00+00:00,2810.0
2016-11-03 00:00:00+00:00,2840.0
2016-11-04 00:00:00+00:00,2800.0
2016-11-07 00:00:00+00:00,2830.0
2016-11-08 00:00:00+00:00,2820.0
2016-11-09 00:00:00+00:00,2670.0
2016-11-10 00:00:00+00:00,2780.0
2016-11-11 00:00:00+00:00,2880.0
2016-11-14 00:00:00+00:00,2830.0
2016-11-15 00:00:00+00:00,2760.0
2016-11-16 00:00:00+00:00,2840.0
2016-11-17 00:00:00+00:00,2840.0
2016-11-18 00:00:00+00:00,2760.0
2016-11-21 00:00:00+00:00,2730.0
2016-11-22 00:00:00+00:00,2730.0
2016-11-23 00:00:00+00:00,2780.0
2016-11-24 00:00:00+00:00,2780.0
2016-11-25 00:00:00+00:00,2790.0
2016-11-28 00:00:00+00:00,2710.0
2016-11-29 00:00:00+00:00,2650.0
2016-11-30 00:00:00+00:00,2620.0
2016-12-01 00:00:00+00:00,2600.0
2016-12-02 00:00:00+00:00,2520.0
2016-12-05 00:00:00+00:00,2490.0
2016-12-06 00:00:00+00:00,2530.0
2016-12-07 00:00:00+00:00,2470.0
2016-12-08 00:00:00+00:00,2600.0
2016-12-09 00:00:00+00:00,2630.0
2016-12-12 00:00:00+00:00,2630.0
2016-12-13 00:00:00+00:00,2660.0
2016-12-14 00:00:00+00:00,2660.0
2016-12-15 00:00:00+00:00,2680.0
2016-12-16 00:00:00+00:00,2820.0
2016-12-19 00:00:00+00:00,2850.0
2016-12-20 00:00:00+00:00,2910.0
2016-12-21 00:00:00+00:00,2890.0
2016-12-22 00:00:00+00:00,2870.0
2016-12-23 00:00:00+00:00,2900.0
2016-12-26 00:00:00+00:00,3020.0
2016-12-27 00:00:00+00:00,3000.0
2016-12-28 00:00:00+00:00,3090.0
2016-12-29 00:00:00+00:00,3090.0
2017-01-02 00:00:00+00:00,3070.0
2017-01-03 00:00:00+00:00,3080.0
2017-01-04 00:00:00+00:00,3000.0
2017-01-05 00:00:00+00:00,2980.0
2017-01-06 00:00:00+00:00,2940.0
2017-01-09 00:00:00+00:00,2970.0
2017-01-10 00:00:00+00:00,2880.0
2017-01-11 00:00:00+00:00,2940.0
2017-01-12 00:00:00+00:00,2870.0
2017-01-13 00:00:00+00:00,3070.0
2017-01-16 00:00:00+00:00,3030.0
2017-01-17 00:00:00+00:00,3060.0
2017-01-18 00:00:00+00:00,3060.0
2017-01-19 00:00:00+00:00,3020.0
2017-01-20 00:00:00+00:00,2940.0
2017-01-23 00:00:00+00:00,3040.0
2017-01-24 00:00:00+00:00,3070.0
2017-01-25 00:00:00+00:00,3120.0
2017-01-26 00:00:00+00:00,3080.0
2017-01-31 00:00:00+00:00,3170.0
2017-02-01 00:00:00+00:00,3160.0
2017-02-02 00:00:00+00:00,3040.0
2017-02-03 00:00:00+00:00,2990.0
2017-02-06 00:00:00+00:00,3020.0
2017-02-07 00:00:00+00:00,2960.0
2017-02-08 00:00:00+00:00,3060.0
2017-02-09 00:00:00+00:00,3130.0
2017-02-10 00:00:00+00:00,3110.0
2017-02-13 00:00:00+00:00,3220.0
2017-02-14 00:00:00+00:00,3100.0
2017-02-15 00:00:00+00:00,3110.0
2017-02-16 00:00:00+00:00,3110.0
2017-02-17 00:00:00+00:00,3100.0
2017-02-20 00:00:00+00:00,3150.0
2017-02-21 00:00:00+00:00,3180.0
2017-02-22 00:00:00+00:00,3180.0
2017-02-23 00:00:00+00:00,3140.0
2017-02-24 00:00:00+00:00,3120.0
2017-02-27 00:00:00+00:00,3160.0
2017-02-28 00:00:00+00:00,3160.0
2017-03-02 00:00:00+00:00,3060.0
2017-03-03 00:00:00+00:00,3070.0
2017-03-06 00:00:00+00:00,3060.0
2017-03-07 00:00:00+00:00,3090.0
2017-03-08 00:00:00+00:00,3100.0
2017-03-09 00:00:00+00:00,3080.0
2017-03-10 00:00:00+00:00,3120.0
2017-03-13 00:00:00+00:00,3160.0
2017-03-14 00:00:00+00:00,3190.0
2017-03-15 00:00:00+00:00,3180.0
2017-03-16 00:00:00+00:00,3220.0
2017-03-17 00:00:00+00:00,3230.0
2017-03-20 00:00:00+00:00,3230.0
2017-03-21 00:00:00+00:00,3170.0
2017-03-22 00:00:00+00:00,3200.0
2017-03-23 00:00:00+00:00,3170.0
2017-03-24 00:00:00+00:00,3160.0
2017-03-27 00:00:00+00:00,3250.0
2017-03-28 00:00:00+00:00,3280.0
2017-03-29 00:00:00+00:00,3290.0
2017-03-30 00:00:00+00:00,3390.0
2017-03-31 00:00:00+00:00,3370.0
2017-04-03 00:00:00+00:00,3520.0
2017-04-04 00:00:00+00:00,3520.0
2017-04-05 00:00:00+00:00,3450.0
2017-04-06 00:00:00+00:00,3460.0
2017-04-07 00:00:00+00:00,3590.0
2017-04-10 00:00:00+00:00,3590.0
2017-04-11 00:00:00+00:00,3740.0
2017-04-12 00:00:00+00:00,3740.0
2017-04-13 00:00:00+00:00,3740.0
2017-04-14 00:00:00+00:00,3740.0
2017-04-17 00:00:00+00:00,3740.0
2017-04-18 00:00:00+00:00,3740.0
2017-04-19 00:00:00+00:00,3740.0
2017-04-20 00:00:00+00:00,3740.0
2017-04-21 00:00:00+00:00,3740.0
2017-04-24 00:00:00+00:00,3740.0
2017-04-25 00:00:00+00:00,3740.0
2017-04-26 00:00:00+00:00,3740.0
2017-04-27 00:00:00+00:00,3740.0
2017-04-28 00:00:00+00:00,3740.0
2017-05-02 00:00:00+00:00,3740.0
2017-05-04 00:00:00+00:00,3740.0
2017-05-08 00:00:00+00:00,3740.0
2017-05-10 00:00:00+00:00,3740.0
2017-05-11 00:00:00+00:00,3890.0
2017-05-12 00:00:00+00:00,3790.0
2017-05-15 00:00:00+00:00,3950.0
2017-05-16 00:00:00+00:00,4020.0
2017-05-17 00:00:00+00:00,3975.0
2017-05-18 00:00:00+00:00,3860.0
2017-05-19 00:00:00+00:00,3795.0
2017-05-22 00:00:00+00:00,3805.0
2017-05-23 00:00:00+00:00,3855.0
2017-05-24 00:00:00+00:00,4005.0
2017-05-25 00:00:00+00:00,3905.0
2017-05-26 00:00:00+00:00,3935.0
2017-05-29 00:00:00+00:00,3890.0
2017-05-30 00:00:00+00:00,3950.0
2017-05-31 00:00:00+00:00,3925.0
2017-06-01 00:00:00+00:00,3900.0
2017-06-02 00:00:00+00:00,4030.0
2017-06-05 00:00:00+00:00,3955.0
2017-06-07 00:00:00+00:00,3890.0
2017-06-08 00:00:00+00:00,4520.0
2017-06-09 00:00:00+00:00,4425.0
2017-06-12 00:00:00+00:00,4440.0
2017-06-13 00:00:00+00:00,4420.0
2017-06-14 00:00:00+00:00,4180.0
2017-06-15 00:00:00+00:00,4225.0
2017-06-16 00:00:00+00:00,4190.0
2017-06-19 00:00:00+00:00,4240.0
2017-06-20 00:00:00+00:00,4150.0
2017-06-21 00:00:00+00:00,4265.0
2017-06-22 00:00:00+00:00,4260.0
2017-06-23 00:00:00+00:00,4240.0
2017-06-26 00:00:00+00:00,4260.0
2017-06-27 00:00:00+00:00,4435.0
2017-06-28 00:00:00+00:00,4285.0
2017-06-29 00:00:00+00:00,4270.0
2017-06-30 00:00:00+00:00,4205.0
2017-07-03 00:00:00+00:00,4145.0
2017-07-04 00:00:00+00:00,4340.0
2017-07-05 00:00:00+00:00,4260.0
2017-07-06 00:00:00+00:00,4200.0
2017-07-07 00:00:00+00:00,4185.0
2017-07-10 00:00:00+00:00,4075.0
2017-07-11 00:00:00+00:00,4095.0
2017-07-12 00:00:00+00:00,4125.0
2017-07-13 00:00:00+00:00,4165.0
2017-07-14 00:00:00+00:00,4255.0
2017-07-17 00:00:00+00:00,4300.0
2017-07-18 00:00:00+00:00,4320.0
2017-07-19 00:00:00+00:00,4335.0
2017-07-20 00:00:00+00:00,4280.0
2017-07-21 00:00:00+00:00,4455.0
2017-07-24 00:00:00+00:00,4730.0
2017-07-25 00:00:00+00:00,4590.0
2017-07-26 00:00:00+00:00,4495.0
2017-07-27 00:00:00+00:00,4395.0
2017-07-28 00:00:00+00:00,4225.0
2017-07-31 00:00:00+00:00,4225.0
2017-08-01 00:00:00+00:00,4225.0
2017-08-02 00:00:00+00:00,4215.0
2017-08-03 00:00:00+00:00,4025.0
2017-08-04 00:00:00+00:00,3975.0
2017-08-07 00:00:00+00:00,4010.0
2017-08-08 00:00:00+00:00,3975.0
2017-08-09 00:00:00+00:00,3870.0
2017-08-10 00:00:00+00:00,3835.0
2017-08-11 00:00:00+00:00,3765.0
2017-08-14 00:00:00+00:00,3810.0
2017-08-16 00:00:00+00:00,3770.0
2017-08-17 00:00:00+00:00,3710.0
2017-08-18 00:00:00+00:00,3760.0
2017-08-21 00:00:00+00:00,3820.0
2017-08-22 00:00:00+00:00,3815.0
2017-08-23 00:00:00+00:00,3815.0
2017-08-24 00:00:00+00:00,3820.0
2017-08-25 00:00:00+00:00,3780.0
2017-08-28 00:00:00+00:00,3705.0
2017-08-29 00:00:00+00:00,3675.0
2017-08-30 00:00:00+00:00,3900.0
2017-08-31 00:00:00+00:00,3995.0
2017-09-01 00:00:00+00:00,4015.0
2017-09-04 00:00:00+00:00,3990.0
2017-09-05 00:00:00+00:00,3970.0
2017-09-06 00:00:00+00:00,4025.0
2017-09-07 00:00:00+00:00,4225.0
2017-09-08 00:00:00+00:00,4090.0
2017-09-11 00:00:00+00:00,4140.0
2017-09-12 00:00:00+00:00,4050.0
2017-09-13 00:00:00+00:00,4125.0
2017-09-14 00:00:00+00:00,4105.0
2017-09-15 00:00:00+00:00,4175.0
2017-09-18 00:00:00+00:00,4165.0
2017-09-19 00:00:00+00:00,4050.0
2017-09-20 00:00:00+00:00,4035.0
2017-09-21 00:00:00+00:00,3995.0
2017-09-25 00:00:00+00:00,4140.0
2017-09-26 00:00:00+00:00,4140.0
2017-09-27 00:00:00+00:00,4155.0
2017-09-28 00:00:00+00:00,4470.0
2017-09-29 00:00:00+00:00,4420.0
2017-10-10 00:00:00+00:00,4475.0
2017-10-11 00:00:00+00:00,4525.0
2017-10-12 00:00:00+00:00,4435.0
2017-10-13 00:00:00+00:00,4405.0
2017-10-16 00:00:00+00:00,4335.0
2017-10-17 00:00:00+00:00,4550.0
2017-10-18 00:00:00+00:00,4650.0
2017-10-19 00:00:00+00:00,4590.0
2017-10-20 00:00:00+00:00,4775.0
2017-10-23 00:00:00+00:00,4775.0
2017-10-24 00:00:00+00:00,4810.0
2017-10-25 00:00:00+00:00,4805.0
2017-10-26 00:00:00+00:00,4645.0
2017-10-27 00:00:00+00:00,4895.0
2017-10-30 00:00:00+00:00,4870.0
2017-10-31 00:00:00+00:00,5025.0
2017-11-01 00:00:00+00:00,4920.0
2017-11-02 00:00:00+00:00,4845.0
2017-11-03 00:00:00+00:00,4850.0
2017-11-06 00:00:00+00:00,4825.0
2017-11-07 00:00:00+00:00,4735.0
2017-11-08 00:00:00+00:00,5000.0
2017-11-09 00:00:00+00:00,4770.0
2017-11-10 00:00:00+00:00,5000.0
2017-11-13 00:00:00+00:00,5125.0
2017-11-14 00:00:00+00:00,5325.0
2017-11-15 00:00:00+00:00,5200.0
2017-11-16 00:00:00+00:00,5325.0
2017-11-17 00:00:00+00:00,5450.0
2017-11-20 00:00:00+00:00,5325.0
2017-11-21 00:00:00+00:00,5675.0
2017-11-22 00:00:00+00:00,6425.0
2017-11-23 00:00:00+00:00,6475.0
2017-11-24 00:00:00+00:00,6450.0
2017-11-27 00:00:00+00:00,6375.0
2017-11-28 00:00:00+00:00,6150.0
2017-11-29 00:00:00+00:00,6150.0
2017-11-30 00:00:00+00:00,5925.0
2017-12-01 00:00:00+00:00,5975.0
2017-12-04 00:00:00+00:00,5875.0
2017-12-05 00:00:00+00:00,5675.0
2017-12-06 00:00:00+00:00,5625.0
2017-12-07 00:00:00+00:00,5525.0
2017-12-08 00:00:00+00:00,5450.0
2017-12-11 00:00:00+00:00,5675.0
2017-12-12 00:00:00+00:00,5725.0
2017-12-13 00:00:00+00:00,5775.0
2017-12-14 00:00:00+00:00,5675.0
2017-12-15 00:00:00+00:00,5750.0
2017-12-18 00:00:00+00:00,5800.0
2017-12-19 00:00:00+00:00,6075.0
2017-12-21 00:00:00+00:00,5725.0
2017-12-22 00:00:00+00:00,5875.0
2017-12-26 00:00:00+00:00,5725.0
2017-12-27 00:00:00+00:00,5950.0
2017-12-28 00:00:00+00:00,5925.0
2018-01-02 00:00:00+00:00,5700.0
2018-01-03 00:00:00+00:00,5750.0
2018-01-04 00:00:00+00:00,5875.0
2018-01-05 00:00:00+00:00,5925.0
2018-01-08 00:00:00+00:00,5700.0
2018-01-09 00:00:00+00:00,5700.0
2018-01-10 00:00:00+00:00,5750.0
2018-01-11 00:00:00+00:00,5725.0
2018-01-12 00:00:00+00:00,5600.0
2018-01-15 00:00:00+00:00,5525.0
2018-01-16 00:00:00+00:00,5750.0
2018-01-17 00:00:00+00:00,5800.0
2018-01-18 00:00:00+00:00,5900.0
2018-01-19 00:00:00+00:00,5750.0
2018-01-22 00:00:00+00:00,5850.0
2018-01-23 00:00:00+00:00,6025.0
2018-01-24 00:00:00+00:00,6225.0
2018-01-25 00:00:00+00:00,6300.0
2018-01-26 00:00:00+00:00,6050.0
2018-01-29 00:00:00+00:00,6175.0
2018-01-30 00:00:00+00:00,6075.0
2018-01-31 00:00:00+00:00,5925.0
2018-02-01 00:00:00+00:00,5825.0
2018-02-02 00:00:00+00:00,5725.0
2018-02-05 00:00:00+00:00,5550.0
2018-02-06 00:00:00+00:00,5550.0
2018-02-07 00:00:00+00:00,5250.0
2018-02-08 00:00:00+00:00,5975.0
2018-02-09 00:00:00+00:00,5950.0
2018-02-12 00:00:00+00:00,5800.0
2018-02-13 00:00:00+00:00,5625.0
2018-02-14 00:00:00+00:00,5900.0
2018-02-19 00:00:00+00:00,5875.0
2018-02-20 00:00:00+00:00,5675.0
2018-02-21 00:00:00+00:00,5800.0
2018-02-22 00:00:00+00:00,5750.0
2018-02-23 00:00:00+00:00,5850.0
2018-02-26 00:00:00+00:00,5900.0
2018-02-27 00:00:00+00:00,5925.0
2018-02-28 00:00:00+00:00,5900.0
2018-03-02 00:00:00+00:00,5800.0
2018-03-05 00:00:00+00:00,5500.0
2018-03-06 00:00:00+00:00,5550.0
2018-03-07 00:00:00+00:00,5250.0
2018-03-08 00:00:00+00:00,5200.0
2018-03-09 00:00:00+00:00,5400.0
2018-03-12 00:00:00+00:00,5500.0
2018-03-13 00:00:00+00:00,5575.0
2018-03-14 00:00:00+00:00,5575.0
2018-03-15 00:00:00+00:00,5400.0
2018-03-16 00:00:00+00:00,5425.0
2018-03-19 00:00:00+00:00,5425.0
2018-03-20 00:00:00+00:00,5425.0
2018-03-21 00:00:00+00:00,5375.0
2018-03-22 00:00:00+00:00,5600.0
2018-03-23 00:00:00+00:00,5400.0
2018-03-26 00:00:00+00:00,5675.0
2018-03-27 00:00:00+00:00,5650.0
2018-03-28 00:00:00+00:00,5550.0
2018-03-29 00:00:00+00:00,5550.0
2018-03-30 00:00:00+00:00,5625.0
2018-04-02 00:00:00+00:00,5350.0
2018-04-03 00:00:00+00:00,5250.0
2018-04-04 00:00:00+00:00,5025.0
2018-04-05 00:00:00+00:00,5175.0
2018-04-06 00:00:00+00:00,5150.0
2018-04-09 00:00:00+00:00,5200.0
2018-04-10 00:00:00+00:00,5225.0
2018-04-11 00:00:00+00:00,5375.0
2018-04-12 00:00:00+00:00,5400.0
2018-04-13 00:00:00+00:00,5475.0
2018-04-16 00:00:00+00:00,5500.0
2018-04-17 00:00:00+00:00,5500.0
2018-04-18 00:00:00+00:00,5425.0
2018-04-19 00:00:00+00:00,5475.0
2018-04-20 00:00:00+00:00,5350.0
2018-04-23 00:00:00+00:00,5300.0
2018-04-24 00:00:00+00:00,5275.0
2018-04-25 00:00:00+00:00,5275.0
2018-04-26 00:00:00+00:00,5375.0
2018-04-27 00:00:00+00:00,5450.0
2018-04-30 00:00:00+00:00,5250.0
2018-05-02 00:00:00+00:00,5300.0
2018-05-03 00:00:00+00:00,5350.0
2018-05-04 00:00:00+00:00,5250.0
2018-05-08 00:00:00+00:00,5150.0
2018-05-09 00:00:00+00:00,5100.0
2018-05-10 00:00:00+00:00,5225.0
2018-05-11 00:00:00+00:00,5200.0
2018-05-14 00:00:00+00:00,5125.0
2018-05-15 00:00:00+00:00,5150.0
2018-05-16 00:00:00+00:00,5100.0
2018-05-17 00:00:00+00:00,5075.0
2018-05-18 00:00:00+00:00,5125.0
2018-05-21 00:00:00+00:00,5050.0
2018-05-23 00:00:00+00:00,4995.0
2018-05-24 00:00:00+00:00,5000.0
2018-05-25 00:00:00+00:00,5000.0
2018-05-28 00:00:00+00:00,4950.0
2018-05-29 00:00:00+00:00,4750.0
2018-05-30 00:00:00+00:00,4635.0
2018-05-31 00:00:00+00:00,4720.0
2018-06-01 00:00:00+00:00,4875.0
2018-06-04 00:00:00+00:00,4925.0
2018-06-05 00:00:00+00:00,4925.0
2018-06-07 00:00:00+00:00,5075.0
2018-06-08 00:00:00+00:00,4965.0
2018-06-11 00:00:00+00:00,4990.0
2018-06-12 00:00:00+00:00,4985.0
2018-06-14 00:00:00+00:00,4835.0
2018-06-15 00:00:00+00:00,4715.0
2018-06-18 00:00:00+00:00,4630.0
2018-06-19 00:00:00+00:00,4610.0
2018-06-20 00:00:00+00:00,4670.0
2018-06-21 00:00:00+00:00,4690.0
2018-06-22 00:00:00+00:00,4610.0
2018-06-25 00:00:00+00:00,4550.0
2018-06-26 00:00:00+00:00,4490.0
2018-06-27 00:00:00+00:00,4375.0
2018-06-28 00:00:00+00:00,4120.0
2018-06-29 00:00:00+00:00,4220.0
2018-07-02 00:00:00+00:00,4325.0
2018-07-03 00:00:00+00:00,4355.0
2018-07-04 00:00:00+00:00,4215.0
2018-07-05 00:00:00+00:00,4100.0
2018-07-06 00:00:00+00:00,4160.0
2018-07-09 00:00:00+00:00,4180.0
2018-07-10 00:00:00+00:00,4420.0
2018-07-11 00:00:00+00:00,4400.0
2018-07-12 00:00:00+00:00,4445.0
2018-07-13 00:00:00+00:00,4785.0
2018-07-16 00:00:00+00:00,4930.0
2018-07-17 00:00:00+00:00,4990.0
2018-07-18 00:00:00+00:00,5025.0
2018-07-19 00:00:00+00:00,5000.0
2018-07-20 00:00:00+00:00,4835.0
2018-07-23 00:00:00+00:00,4720.0
2018-07-24 00:00:00+00:00,4780.0
2018-07-25 00:00:00+00:00,4820.0
2018-07-26 00:00:00+00:00,4985.0
2018-07-27 00:00:00+00:00,5050.0
2018-07-30 00:00:00+00:00,5075.0
2018-07-31 00:00:00+00:00,5325.0
2018-08-01 00:00:00+00:00,5450.0
2018-08-02 00:00:00+00:00,5325.0
2018-08-03 00:00:00+00:00,5225.0
2018-08-06 00:00:00+00:00,5025.0
2018-08-07 00:00:00+00:00,5025.0
2018-08-08 00:00:00+00:00,4945.0
2018-08-09 00:00:00+00:00,4900.0
2018-08-10 00:00:00+00:00,4940.0
2018-08-13 00:00:00+00:00,4770.0
2018-08-14 00:00:00+00:00,4950.0
2018-08-16 00:00:00+00:00,4885.0
2018-08-17 00:00:00+00:00,4800.0
2018-08-20 00:00:00+00:00,4785.0
2018-08-21 00:00:00+00:00,4950.0
2018-08-22 00:00:00+00:00,5500.0
2018-08-23 00:00:00+00:00,5475.0
2018-08-24 00:00:00+00:00,5700.0
2018-08-27 00:00:00+00:00,5975.0
2018-08-28 00:00:00+00:00,5925.0
2018-08-29 00:00:00+00:00,5925.0
2018-08-30 00:00:00+00:00,6025.0
2018-08-31 00:00:00+00:00,6100.0
2018-09-03 00:00:00+00:00,6025.0
2018-09-04 00:00:00+00:00,5950.0
2018-09-05 00:00:00+00:00,5975.0
2018-09-06 00:00:00+00:00,5875.0
2018-09-07 00:00:00+00:00,5800.0
2018-09-10 00:00:00+00:00,5700.0
2018-09-11 00:00:00+00:00,5675.0
2018-09-12 00:00:00+00:00,5450.0
2018-09-13 00:00:00+00:00,5250.0
2018-09-14 00:00:00+00:00,5300.0
2018-09-17 00:00:00+00:00,5275.0
2018-09-18 00:00:00+00:00,5175.0
2018-09-19 00:00:00+00:00,5600.0
2018-09-20 00:00:00+00:00,5500.0
2018-09-21 00:00:00+00:00,5325.0
2018-09-27 00:00:00+00:00,5350.0
2018-09-28 00:00:00+00:00,5175.0
2018-10-01 00:00:00+00:00,5125.0
2018-10-02 00:00:00+00:00,4875.0
2018-10-04 00:00:00+00:00,4900.0
2018-10-05 00:00:00+00:00,4865.0
2018-10-08 00:00:00+00:00,4730.0
2018-10-10 00:00:00+00:00,4650.0
2018-10-11 00:00:00+00:00,4305.0
2018-10-12 00:00:00+00:00,4555.0
2018-10-15 00:00:00+00:00,4750.0
2018-10-16 00:00:00+00:00,4785.0
2018-10-17 00:00:00+00:00,4750.0
2018-10-18 00:00:00+00:00,4815.0
2018-10-19 00:00:00+00:00,4775.0
2018-10-22 00:00:00+00:00,4805.0
2018-10-23 00:00:00+00:00,4640.0
2018-10-24 00:00:00+00:00,4605.0
2018-10-25 00:00:00+00:00,4515.0
2018-10-26 00:00:00+00:00,4360.0
2018-10-29 00:00:00+00:00,4325.0
2018-10-30 00:00:00+00:00,4440.0
2018-10-31 00:00:00+00:00,4595.0
2018-11-01 00:00:00+00:00,4700.0
2018-11-02 00:00:00+00:00,4735.0
2018-11-05 00:00:00+00:00,4550.0
2018-11-06 00:00:00+00:00,4540.0
2018-11-07 00:00:00+00:00,4335.0
2018-11-08 00:00:00+00:00,4435.0
2018-11-09 00:00:00+00:00,4440.0
2018-11-12 00:00:00+00:00,4365.0
2018-11-13 00:00:00+00:00,4360.0
2018-11-14 00:00:00+00:00,4225.0
2018-11-15 00:00:00+00:00,4280.0
2018-11-16 00:00:00+00:00,4350.0
2018-11-19 00:00:00+00:00,4370.0
2018-11-20 00:00:00+00:00,4040.0
2018-11-21 00:00:00+00:00,3905.0
2018-11-22 00:00:00+00:00,3970.0
2018-11-23 00:00:00+00:00,3885.0
2018-11-26 00:00:00+00:00,3985.0
2018-11-27 00:00:00+00:00,3980.0
2018-11-28 00:00:00+00:00,4145.0
2018-11-29 00:00:00+00:00,4190.0
2018-11-30 00:00:00+00:00,4110.0
2018-12-03 00:00:00+00:00,4440.0
2018-12-04 00:00:00+00:00,4345.0
2018-12-05 00:00:00+00:00,4350.0
2018-12-06 00:00:00+00:00,4200.0
2018-12-07 00:00:00+00:00,4380.0
2018-12-10 00:00:00+00:00,4145.0
2018-12-11 00:00:00+00:00,4115.0
2018-12-12 00:00:00+00:00,4180.0
2018-12-13 00:00:00+00:00,4270.0
2018-12-14 00:00:00+00:00,4110.0
2018-12-17 00:00:00+00:00,3965.0
2018-12-18 00:00:00+00:00,3870.0
2018-12-19 00:00:00+00:00,3920.0
2018-12-20 00:00:00+00:00,3845.0
2018-12-21 00:00:00+00:00,3920.0
2018-12-24 00:00:00+00:00,3935.0
2018-12-26 00:00:00+00:00,3950.0
2018-12-27 00:00:00+00:00,3875.0
2018-12-28 00:00:00+00:00,3890.0
2019-01-02 00:00:00+00:00,3755.0
2019-01-03 00:00:00+00:00,3485.0
2019-01-04 00:00:00+00:00,3450.0
2019-01-07 00:00:00+00:00,3580.0
2019-01-08 00:00:00+00:00,3645.0
2019-01-09 00:00:00+00:00,3650.0
2019-01-10 00:00:00+00:00,3700.0
2019-01-11 00:00:00+00:00,3680.0
2019-01-14 00:00:00+00:00,3615.0
2019-01-15 00:00:00+00:00,3645.0
2019-01-16 00:00:00+00:00,3650.0
2019-01-17 00:00:00+00:00,3580.0
2019-01-18 00:00:00+00:00,3630.0
2019-01-21 00:00:00+00:00,3735.0
2019-01-22 00:00:00+00:00,3675.0
2019-01-23 00:00:00+00:00,3650.0
2019-01-24 00:00:00+00:00,3625.0
2019-01-25 00:00:00+00:00,3695.0
2019-01-28 00:00:00+00:00,3810.0
2019-01-29 00:00:00+00:00,3730.0
2019-01-30 00:00:00+00:00,3830.0
2019-01-31 00:00:00+00:00,3990.0
2019-02-01 00:00:00+00:00,4085.0
2019-02-07 00:00:00+00:00,4060.0
2019-02-08 00:00:00+00:00,4015.0
2019-02-11 00:00:00+00:00,3915.0
2019-02-12 00:00:00+00:00,4255.0
2019-02-13 00:00:00+00:00,4415.0
2019-02-14 00:00:00+00:00,4460.0
2019-02-15 00:00:00+00:00,4365.0
2019-02-18 00:00:00+00:00,4380.0
2019-02-19 00:00:00+00:00,4260.0
2019-02-20 00:00:00+00:00,4335.0
2019-02-21 00:00:00+00:00,4350.0
2019-02-22 00:00:00+00:00,4295.0
2019-02-25 00:00:00+00:00,4415.0
2019-02-26 00:00:00+00:00,4360.0
2019-02-27 00:00:00+00:00,4330.0
2019-02-28 00:00:00+00:00,4140.0
2019-03-04 00:00:00+00:00,4085.0
2019-03-05 00:00:00+00:00,4045.0
2019-03-06 00:00:00+00:00,4055.0
2019-03-07 00:00:00+00:00,4055.0
2019-03-08 00:00:00+00:00,3940.0
2019-03-11 00:00:00+00:00,3990.0
2019-03-12 00:00:00+00:00,4050.0
2019-03-13 00:00:00+00:00,4035.0
2019-03-14 00:00:00+00:00,4415.0
2019-03-15 00:00:00+00:00,4155.0
2019-03-18 00:00:00+00:00,4145.0
2019-03-19 00:00:00+00:00,4080.0
2019-03-20 00:00:00+00:00,4085.0
2019-03-21 00:00:00+00:00,4225.0
2019-03-22 00:00:00+00:00,4260.0
2019-03-25 00:00:00+00:00,4085.0
2019-03-26 00:00:00+00:00,4055.0
2019-03-27 00:00:00+00:00,4095.0
2019-03-28 00:00:00+00:00,4000.0
2019-03-29 00:00:00+00:00,4005.0
2019-04-01 00:00:00+00:00,4155.0
2019-04-02 00:00:00+00:00,4120.0
2019-04-03 00:00:00+00:00,4095.0
2019-04-04 00:00:00+00:00,4195.0
2019-04-05 00:00:00+00:00,4200.0
2019-04-08 00:00:00+00:00,4210.0
2019-04-09 00:00:00+00:00,4200.0
2019-04-10 00:00:00+00:00,4285.0
2019-04-11 00:00:00+00:00,4285.0
2019-04-12 00:00:00+00:00,4240.0
2019-04-15 00:00:00+00:00,4250.0
2019-04-16 00:00:00+00:00,4155.0
2019-04-17 00:00:00+00:00,4440.0
2019-04-18 00:00:00+00:00,4310.0
2019-04-19 00:00:00+00:00,4315.0
2019-04-22 00:00:00+00:00,4265.0
2019-04-23 00:00:00+00:00,4575.0
2019-04-24 00:00:00+00:00,4500.0
2019-04-25 00:00:00+00:00,4640.0
2019-04-26 00:00:00+00:00,4600.0
2019-04-29 00:00:00+00:00,4700.0
2019-04-30 00:00:00+00:00,4630.0
2019-05-02 00:00:00+00:00,4705.0
2019-05-03 00:00:00+00:00,4645.0
2019-05-07 00:00:00+00:00,4465.0
2019-05-08 00:00:00+00:00,4315.0
2019-05-09 00:00:00+00:00,4100.0
2019-05-10 00:00:00+00:00,4075.0
2019-05-13 00:00:00+00:00,3965.0
2019-05-14 00:00:00+00:00,3945.0
2019-05-15 00:00:00+00:00,4060.0
2019-05-16 00:00:00+00:00,3920.0
2019-05-17 00:00:00+00:00,3775.0
2019-05-20 00:00:00+00:00,3695.0
2019-05-21 00:00:00+00:00,3615.0
2019-05-22 00:00:00+00:00,3575.0
2019-05-23 00:00:00+00:00,3545.0
2019-05-24 00:00:00+00:00,3500.0
2019-05-27 00:00:00+00:00,3530.0
2019-05-28 00:00:00+00:00,3630.0
2019-05-29 00:00:00+00:00,3490.0
2019-05-30 00:00:00+00:00,3540.0
2019-05-31 00:00:00+00:00,3525.0
2019-06-03 00:00:00+00:00,3465.0
2019-06-04 00:00:00+00:00,3500.0
2019-06-05 00:00:00+00:00,3565.0
2019-06-07 00:00:00+00:00,3640.0
2019-06-10 00:00:00+00:00,3700.0
2019-06-11 00:00:00+00:00,3705.0
2019-06-12 00:00:00+00:00,3705.0
2019-06-13 00:00:00+00:00,3730.0
2019-06-14 00:00:00+00:00,3650.0
2019-06-17 00:00:00+00:00,3560.0
2019-06-18 00:00:00+00:00,3565.0
2019-06-19 00:00:00+00:00,3740.0
2019-06-20 00:00:00+00:00,3805.0
2019-06-21 00:00:00+00:00,3795.0
2019-06-24 00:00:00+00:00,3790.0
2019-06-25 00:00:00+00:00,3740.0
2019-06-26 00:00:00+00:00,3760.0
2019-06-27 00:00:00+00:00,3790.0
2019-06-28 00:00:00+00:00,3780.0
2019-07-01 00:00:00+00:00,3725.0
2019-07-02 00:00:00+00:00,3810.0
2019-07-03 00:00:00+00:00,3780.0
2019-07-04 00:00:00+00:00,3890.0
2019-07-05 00:00:00+00:00,3750.0
2019-07-08 00:00:00+00:00,3420.0
2019-07-09 00:00:00+00:00,3385.0
2019-07-10 00:00:00+00:00,3440.0
2019-07-11 00:00:00+00:00,3565.0
2019-07-12 00:00:00+00:00,3565.0
2019-07-15 00:00:00+00:00,3575.0
2019-07-16 00:00:00+00:00,3555.0
2019-07-17 00:00:00+00:00,3480.0
2019-07-18 00:00:00+00:00,3530.0
2019-07-19 00:00:00+00:00,3555.0
2019-07-22 00:00:00+00:00,3590.0
2019-07-23 00:00:00+00:00,3595.0
2019-07-24 00:00:00+00:00,3550.0
2019-07-25 00:00:00+00:00,3510.0
2019-07-26 00:00:00+00:00,3390.0
2019-07-29 00:00:00+00:00,3200.0
2019-07-30 00:00:00+00:00,3275.0
2019-07-31 00:00:00+00:00,3280.0
2019-08-01 00:00:00+00:00,3245.0
2019-08-02 00:00:00+00:00,3265.0
2019-08-05 00:00:00+00:00,3025.0
2019-08-06 00:00:00+00:00,2750.0
2019-08-07 00:00:00+00:00,2820.0
2019-08-08 00:00:00+00:00,2865.0
2019-08-09 00:00:00+00:00,2920.0
2019-08-12 00:00:00+00:00,2930.0
2019-08-13 00:00:00+00:00,3060.0
2019-08-14 00:00:00+00:00,3030.0
2019-08-16 00:00:00+00:00,2950.0
2019-08-19 00:00:00+00:00,2940.0
2019-08-20 00:00:00+00:00,2965.0
2019-08-21 00:00:00+00:00,2970.0
2019-08-22 00:00:00+00:00,2920.0
2019-08-23 00:00:00+00:00,2835.0
2019-08-26 00:00:00+00:00,2675.0
2019-08-27 00:00:00+00:00,2645.0
2019-08-28 00:00:00+00:00,2735.0
2019-08-29 00:00:00+00:00,2730.0
2019-08-30 00:00:00+00:00,2870.0
2019-09-02 00:00:00+00:00,2870.0
2019-09-03 00:00:00+00:00,2945.0
2019-09-04 00:00:00+00:00,3075.0
2019-09-05 00:00:00+00:00,3265.0
2019-09-06 00:00:00+00:00,3250.0
2019-09-09 00:00:00+00:00,3090.0
2019-09-10 00:00:00+00:00,3100.0
2019-09-11 00:00:00+00:00,3170.0
2019-09-16 00:00:00+00:00,3155.0
2019-09-17 00:00:00+00:00,3135.0
2019-09-18 00:00:00+00:00,3130.0
2019-09-19 00:00:00+00:00,3140.0
2019-09-20 00:00:00+00:00,3260.0
2019-09-23 00:00:00+00:00,3250.0
2019-09-24 00:00:00+00:00,3315.0
2019-09-25 00:00:00+00:00,3385.0
2019-09-26 00:00:00+00:00,3450.0
2019-09-27 00:00:00+00:00,3355.0
2019-09-30 00:00:00+00:00,3305.0
2019-10-01 00:00:00+00:00,3415.0
2019-10-02 00:00:00+00:00,3340.0
2019-10-04 00:00:00+00:00,3340.0
2019-10-07 00:00:00+00:00,3300.0
2019-10-08 00:00:00+00:00,3295.0
2019-10-10 00:00:00+00:00,3270.0
2019-10-11 00:00:00+00:00,3240.0
2019-10-14 00:00:00+00:00,3400.0
2019-10-15 00:00:00+00:00,3430.0
2019-10-16 00:00:00+00:00,3415.0
2019-10-17 00:00:00+00:00,3455.0
2019-10-18 00:00:00+00:00,3495.0
2019-10-21 00:00:00+00:00,3455.0
2019-10-22 00:00:00+00:00,3490.0
2019-10-23 00:00:00+00:00,3410.0
2019-10-24 00:00:00+00:00,3410.0
2019-10-25 00:00:00+00:00,3445.0
2019-10-28 00:00:00+00:00,3490.0
2019-10-29 00:00:00+00:00,3490.0
2019-10-30 00:00:00+00:00,3390.0
2019-10-31 00:00:00+00:00,3405.0
2019-11-01 00:00:00+00:00,3375.0
2019-11-04 00:00:00+00:00,3400.0
2019-11-05 00:00:00+00:00,3395.0
2019-11-06 00:00:00+00:00,3375.0
2019-11-07 00:00:00+00:00,3325.0
2019-11-08 00:00:00+00:00,3220.0
2019-11-11 00:00:00+00:00,3225.0
2019-11-12 00:00:00+00:00,3165.0
2019-11-13 00:00:00+00:00,3175.0
2019-11-14 00:00:00+00:00,3190.0
2019-11-15 00:00:00+00:00,3190.0
2019-11-18 00:00:00+00:00,3215.0
2019-11-19 00:00:00+00:00,3340.0
2019-11-20 00:00:00+00:00,3170.0
2019-11-21 00:00:00+00:00,3045.0
2019-11-22 00:00:00+00:00,3050.0
2019-11-25 00:00:00+00:00,3180.0
2019-11-26 00:00:00+00:00,3200.0
2019-11-27 00:00:00+00:00,3220.0
2019-11-28 00:00:00+00:00,3150.0
2019-11-29 00:00:00+00:00,3120.0
2019-12-02 00:00:00+00:00,3065.0
2019-12-03 00:00:00+00:00,3030.0
2019-12-04 00:00:00+00:00,2955.0
2019-12-05 00:00:00+00:00,3000.0
2019-12-06 00:00:00+00:00,3025.0
2019-12-09 00:00:00+00:00,3080.0
2019-12-10 00:00:00+00:00,3080.0
2019-12-11 00:00:00+00:00,3085.0
2019-12-12 00:00:00+00:00,3150.0
2019-12-13 00:00:00+00:00,3465.0
2019-12-16 00:00:00+00:00,3685.0
2019-12-17 00:00:00+00:00,3925.0
2019-12-18 00:00:00+00:00,3955.0
2019-12-19 00:00:00+00:00,3970.0
2019-12-20 00:00:00+00:00,4015.0
2019-12-23 00:00:00+00:00,3980.0
2019-12-24 00:00:00+00:00,3885.0
2019-12-26 00:00:00+00:00,4030.0
2019-12-27 00:00:00+00:00,4090.0
2019-12-30 00:00:00+00:00,4050.0
2020-01-02 00:00:00+00:00,3980.0
2020-01-03 00:00:00+00:00,3985.0
2020-01-06 00:00:00+00:00,3920.0
2020-01-07 00:00:00+00:00,3925.0
2020-01-08 00:00:00+00:00,3925.0
2020-01-09 00:00:00+00:00,4175.0
2020-01-10 00:00:00+00:00,4320.0
2020-01-13 00:00:00+00:00,4280.0
2020-01-14 00:00:00+00:00,4340.0
2020-01-15 00:00:00+00:00,4220.0
2020-01-16 00:00:00+00:00,4480.0
2020-01-17 00:00:00+00:00,4565.0
2020-01-20 00:00:00+00:00,4520.0
2020-01-21 00:00:00+00:00,4510.0
2020-01-22 00:00:00+00:00,4755.0
2020-01-23 00:00:00+00:00,4960.0
2020-01-28 00:00:00+00:00,4755.0
2020-01-29 00:00:00+00:00,4715.0
2020-01-30 00:00:00+00:00,4560.0
2020-01-31 00:00:00+00:00,4350.0
2020-02-03 00:00:00+00:00,4375.0
2020-02-04 00:00:00+00:00,4500.0
2020-02-05 00:00:00+00:00,4520.0
2020-02-06 00:00:00+00:00,4635.0
2020-02-07 00:00:00+00:00,4690.0
2020-02-10 00:00:00+00:00,4715.0
2020-02-11 00:00:00+00:00,4700.0
2020-02-12 00:00:00+00:00,4665.0
2020-02-13 00:00:00+00:00,4945.0
2020-02-14 00:00:00+00:00,4930.0
2020-02-17 00:00:00+00:00,4970.0
2020-02-18 00:00:00+00:00,4845.0
2020-02-19 00:00:00+00:00,4900.0
2020-02-20 00:00:00+00:00,4885.0
2020-02-21 00:00:00+00:00,4780.0
2020-02-24 00:00:00+00:00,4595.0
2020-02-25 00:00:00+00:00,4835.0
2020-02-26 00:00:00+00:00,4840.0
2020-02-27 00:00:00+00:00,4555.0
2020-02-28 00:00:00+00:00,4330.0
2020-03-02 00:00:00+00:00,4560.0
2020-03-03 00:00:00+00:00,4535.0
2020-03-04 00:00:00+00:00,4625.0
2020-03-05 00:00:00+00:00,4780.0
2020-03-06 00:00:00+00:00,4610.0
2020-03-09 00:00:00+00:00,4610.0
2020-03-10 00:00:00+00:00,4495.0
2020-03-11 00:00:00+00:00,4275.0
2020-03-12 00:00:00+00:00,4275.0
2020-03-13 00:00:00+00:00,3775.0
2020-03-16 00:00:00+00:00,3585.0
2020-03-17 00:00:00+00:00,3480.0
2020-03-18 00:00:00+00:00,3255.0
2020-03-19 00:00:00+00:00,2635.0
2020-03-20 00:00:00+00:00,3035.0
2020-03-23 00:00:00+00:00,2805.0
2020-03-24 00:00:00+00:00,3045.0
2020-03-25 00:00:00+00:00,3415.0
2020-03-26 00:00:00+00:00,3450.0
2020-03-27 00:00:00+00:00,3390.0
2020-03-30 00:00:00+00:00,3500.0
2020-03-31 00:00:00+00:00,3435.0
2020-04-01 00:00:00+00:00,3340.0
2020-04-02 00:00:00+00:00,3370.0
2020-04-03 00:00:00+00:00,3385.0
2020-04-06 00:00:00+00:00,3515.0
2020-04-07 00:00:00+00:00,3745.0
2020-04-08 00:00:00+00:00,3700.0
2020-04-09 00:00:00+00:00,3675.0
2020-04-10 00:00:00+00:00,3580.0
2020-04-13 00:00:00+00:00,3525.0
2020-04-14 00:00:00+00:00,3625.0
2020-04-16 00:00:00+00:00,3670.0
2020-04-17 00:00:00+00:00,3900.0
2020-04-20 00:00:00+00:00,3945.0
2020-04-21 00:00:00+00:00,3900.0
2020-04-22 00:00:00+00:00,3950.0
2020-04-23 00:00:00+00:00,3965.0
2020-04-24 00:00:00+00:00,3850.0
2020-04-27 00:00:00+00:00,3925.0
2020-04-28 00:00:00+00:00,3905.0
2020-04-29 00:00:00+00:00,3915.0
2020-05-04 00:00:00+00:00,3835.0
2020-05-06 00:00:00+00:00,3985.0
2020-05-07 00:00:00+00:00,4190.0
2020-05-08 00:00:00+00:00,4375.0
2020-05-11 00:00:00+00:00,4485.0
2020-05-12 00:00:00+00:00,4400.0
2020-05-13 00:00:00+00:00,4245.0
2020-05-14 00:00:00+00:00,4120.0
2020-05-15 00:00:00+00:00,4245.0
2020-05-18 00:00:00+00:00,4330.0
2020-05-19 00:00:00+00:00,4290.0
2020-05-20 00:00:00+00:00,4800.0
2020-05-21 00:00:00+00:00,4750.0
2020-05-22 00:00:00+00:00,4635.0
2020-05-25 00:00:00+00:00,4995.0
2020-05-26 00:00:00+00:00,4900.0
2020-05-27 00:00:00+00:00,4700.0
2020-05-28 00:00:00+00:00,4500.0
2020-05-29 00:00:00+00:00,4615.0
2020-06-01 00:00:00+00:00,4600.0
2020-06-02 00:00:00+00:00,4580.0
2020-06-03 00:00:00+00:00,4460.0
2020-06-04 00:00:00+00:00,4420.0
2020-06-05 00:00:00+00:00,4390.0
2020-06-08 00:00:00+00:00,4330.0
2020-06-09 00:00:00+00:00,4225.0
2020-06-10 00:00:00+00:00,4310.0
2020-06-11 00:00:00+00:00,4225.0
2020-06-12 00:00:00+00:00,4060.0
2020-06-15 00:00:00+00:00,3800.0
2020-06-16 00:00:00+00:00,3885.0
2020-06-17 00:00:00+00:00,3890.0
2020-06-18 00:00:00+00:00,3930.0
2020-06-19 00:00:00+00:00,4040.0
2020-06-22 00:00:00+00:00,4005.0
2020-06-23 00:00:00+00:00,3935.0
2020-06-24 00:00:00+00:00,3960.0
2020-06-25 00:00:00+00:00,3860.0
2020-06-26 00:00:00+00:00,3845.0
2020-06-29 00:00:00+00:00,3710.0
2020-06-30 00:00:00+00:00,3735.0
2020-07-01 00:00:00+00:00,3715.0
2020-07-02 00:00:00+00:00,3680.0
2020-07-03 00:00:00+00:00,3940.0
2020-07-06 00:00:00+00:00,4045.0
2020-07-07 00:00:00+00:00,3960.0
2020-07-08 00:00:00+00:00,4185.0
2020-07-09 00:00:00+00:00,4260.0
2020-07-10 00:00:00+00:00,4340.0
2020-07-13 00:00:00+00:00,4465.0
2020-07-14 00:00:00+00:00,4620.0
2020-07-15 00:00:00+00:00,4570.0
2020-07-16 00:00:00+00:00,4455.0
2020-07-17 00:00:00+00:00,4905.0
2020-07-20 00:00:00+00:00,4805.0
2020-07-21 00:00:00+00:00,5575.0
2020-07-22 00:00:00+00:00,5725.0
2020-07-23 00:00:00+00:00,5900.0
2020-07-24 00:00:00+00:00,5950.0
2020-07-27 00:00:00+00:00,6100.0
2020-07-28 00:00:00+00:00,6125.0
2020-07-29 00:00:00+00:00,6175.0
2020-07-30 00:00:00+00:00,6150.0
2020-07-31 00:00:00+00:00,5925.0
2020-08-03 00:00:00+00:00,6100.0
2020-08-04 00:00:00+00:00,6075.0
2020-08-05 00:00:00+00:00,5950.0
2020-08-06 00:00:00+00:00,5850.0
2020-08-07 00:00:00+00:00,5875.0
2020-08-10 00:00:00+00:00,5900.0
2020-08-11 00:00:00+00:00,6100.0
2020-08-12 00:00:00+00:00,5850.0
2020-08-13 00:00:00+00:00,5700.0
2020-08-14 00:00:00+00:00,5500.0
2020-08-18 00:00:00+00:00,5225.0
2020-08-19 00:00:00+00:00,5400.0
2020-08-20 00:00:00+00:00,4955.0
2020-08-21 00:00:00+00:00,4990.0
2020-08-24 00:00:00+00:00,5000.0
2020-08-25 00:00:00+00:00,5150.0
2020-08-26 00:00:00+00:00,5050.0
2020-08-27 00:00:00+00:00,4900.0
2020-08-28 00:00:00+00:00,4985.0
2020-08-31 00:00:00+00:00,5050.0
2020-09-01 00:00:00+00:00,5125.0
2020-09-02 00:00:00+00:00,5150.0
2020-09-03 00:00:00+00:00,5350.0
2020-09-04 00:00:00+00:00,5250.0
2020-09-07 00:00:00+00:00,5250.0
2020-09-08 00:00:00+00:00,5650.0
2020-09-09 00:00:00+00:00,5750.0
2020-09-10 00:00:00+00:00,5750.0
2020-09-11 00:00:00+00:00,5575.0
2020-09-14 00:00:00+00:00,5650.0
2020-09-15 00:00:00+00:00,5525.0
2020-09-16 00:00:00+00:00,5400.0
2020-09-17 00:00:00+00:00,5250.0
2020-09-18 00:00:00+00:00,5250.0
2020-09-21 00:00:00+00:00,5125.0
2020-09-22 00:00:00+00:00,5050.0
2020-09-23 00:00:00+00:00,5150.0
2020-09-24 00:00:00+00:00,5000.0
2020-09-25 00:00:00+00:00,4950.0
2020-09-28 00:00:00+00:00,5175.0
2020-09-29 00:00:00+00:00,5225.0
2020-10-05 00:00:00+00:00,5275.0
2020-10-06 00:00:00+00:00,5250.0
2020-10-07 00:00:00+00:00,5275.0
2020-10-08 00:00:00+00:00,5250.0
2020-10-12 00:00:00+00:00,5550.0
2020-10-13 00:00:00+00:00,5700.0
2020-10-14 00:00:00+00:00,5600.0
2020-10-15 00:00:00+00:00,5500.0
2020-10-16 00:00:00+00:00,5650.0
2020-10-19 00:00:00+00:00,5700.0
2020-10-20 00:00:00+00:00,5525.0
2020-10-21 00:00:00+00:00,5525.0
2020-10-22 00:00:00+00:00,5400.0
2020-10-23 00:00:00+00:00,5125.0
2020-10-26 00:00:00+00:00,5025.0
2020-10-27 00:00:00+00:00,5050.0
2020-10-28 00:00:00+00:00,5175.0
2020-10-29 00:00:00+00:00,5425.0
2020-10-30 00:00:00+00:00,5425.0
2020-11-02 00:00:00+00:00,5475.0
2020-11-03 00:00:00+00:00,5525.0
2020-11-04 00:00:00+00:00,5625.0
2020-11-05 00:00:00+00:00,5675.0
2020-11-06 00:00:00+00:00,5800.0
2020-11-09 00:00:00+00:00,5750.0
2020-11-10 00:00:00+00:00,5750.0
2020-11-11 00:00:00+00:00,5600.0
2020-11-12 00:00:00+00:00,5550.0
2020-11-13 00:00:00+00:00,5800.0
2020-11-16 00:00:00+00:00,6275.0
2020-11-17 00:00:00+00:00,6350.0
2020-11-18 00:00:00+00:00,6150.0
2020-11-19 00:00:00+00:00,6425.0
2020-11-20 00:00:00+00:00,6300.0
2020-11-23 00:00:00+00:00,6400.0
2020-11-24 00:00:00+00:00,6400.0
2020-11-25 00:00:00+00:00,6175.0
2020-11-26 00:00:00+00:00,6250.0
2020-11-27 00:00:00+00:00,6225.0
2020-11-30 00:00:00+00:00,6100.0
2020-12-01 00:00:00+00:00,6250.0
2020-12-02 00:00:00+00:00,6375.0
2020-12-03 00:00:00+00:00,6225.0
2020-12-04 00:00:00+00:00,6200.0
2020-12-07 00:00:00+00:00,6300.0
2020-12-08 00:00:00+00:00,6725.0
2020-12-09 00:00:00+00:00,6850.0
2020-12-10 00:00:00+00:00,6850.0
2020-12-11 00:00:00+00:00,7025.0
2020-12-14 00:00:00+00:00,6875.0
2020-12-15 00:00:00+00:00,7100.0
2020-12-16 00:00:00+00:00,7950.0
2020-12-17 00:00:00+00:00,8375.0
2020-12-18 00:00:00+00:00,8150.0
2020-12-21 00:00:00+00:00,8525.0
2020-12-22 00:00:00+00:00,8475.0
2020-12-23 00:00:00+00:00,8450.0
2020-12-24 00:00:00+00:00,8450.0
2020-12-28 00:00:00+00:00,8250.0
2020-12-29 00:00:00+00:00,8950.0
2020-12-30 00:00:00+00:00,9050.0
2021-01-04 00:00:00+00:00,9125.0
2021-01-05 00:00:00+00:00,8950.0
2021-01-06 00:00:00+00:00,8800.0
2021-01-07 00:00:00+00:00,8750.0
2021-01-08 00:00:00+00:00,8750.0
2021-01-11 00:00:00+00:00,8600.0
2021-01-12 00:00:00+00:00,8700.0
2021-01-13 00:00:00+00:00,9025.0
2021-01-14 00:00:00+00:00,8850.0
2021-01-15 00:00:00+00:00,9425.0
2021-01-18 00:00:00+00:00,10000.0
2021-01-19 00:00:00+00:00,10125.0
2021-01-20 00:00:00+00:00,10125.0
2021-01-21 00:00:00+00:00,10275.0
2021-01-22 00:00:00+00:00,10350.0
2021-01-25 00:00:00+00:00,10375.0
2021-01-26 00:00:00+00:00,10525.0
2021-01-27 00:00:00+00:00,10000.0
2021-01-28 00:00:00+00:00,9900.0
2021-01-29 00:00:00+00:00,9450.0
2021-02-01 00:00:00+00:00,10100.0
2021-02-02 00:00:00+00:00,10100.0
2021-02-03 00:00:00+00:00,10050.0
2021-02-04 00:00:00+00:00,9800.0
2021-02-05 00:00:00+00:00,9750.0
2021-02-08 00:00:00+00:00,9650.0
2021-02-09 00:00:00+00:00,9650.0
2021-02-10 00:00:00+00:00,9675.0
2021-02-15 00:00:00+00:00,10275.0
2021-02-16 00:00:00+00:00,10300.0
2021-02-17 00:00:00+00:00,10700.0
2021-02-18 00:00:00+00:00,10800.0
2021-02-19 00:00:00+00:00,12125.0
2021-02-22 00:00:00+00:00,12050.0
2021-02-23 00:00:00+00:00,11350.0
2021-02-24 00:00:00+00:00,10750.0
2021-02-25 00:00:00+00:00,11150.0
2021-02-26 00:00:00+00:00,11075.0
2021-03-02 00:00:00+00:00,11200.0
2021-03-03 00:00:00+00:00,11350.0
2021-03-04 00:00:00+00:00,11325.0
2021-03-05 00:00:00+00:00,11125.0
2021-03-08 00:00:00+00:00,10800.0
2021-03-09 00:00:00+00:00,10400.0
2021-03-10 00:00:00+00:00,10100.0
2021-03-11 00:00:00+00:00,10975.0
2021-03-12 00:00:00+00:00,11350.0
2021-03-15 00:00:00+00:00,11850.0
2021-03-16 00:00:00+00:00,11675.0
2021-03-17 00:00:00+00:00,11825.0
2021-03-18 00:00:00+00:00,12350.0
2021-03-19 00:00:00+00:00,12750.0
2021-03-22 00:00:00+00:00,13075.0
2021-03-23 00:00:00+00:00,12525.0
2021-03-24 00:00:00+00:00,12400.0
2021-03-25 00:00:00+00:00,12150.0
2021-03-26 00:00:00+00:00,12050.0
2021-03-29 00:00:00+00:00,12100.0
2021-03-30 00:00:00+00:00,12225.0
2021-03-31 00:00:00+00:00,12200.0
2021-04-01 00:00:00+00:00,13025.0
2021-04-02 00:00:00+00:00,13250.0
2021-04-05 00:00:00+00:00,14800.0
2021-04-06 00:00:00+00:00,15350.0
2021-04-07 00:00:00+00:00,15450.0
2021-04-08 00:00:00+00:00,15900.0
2021-04-09 00:00:00+00:00,16425.0
2021-04-12 00:00:00+00:00,16500.0
2021-04-13 00:00:00+00:00,15875.0
2021-04-14 00:00:00+00:00,15875.0
2021-04-15 00:00:00+00:00,15600.0
2021-04-16 00:00:00+00:00,15750.0
2021-04-19 00:00:00+00:00,16125.0
2021-04-20 00:00:00+00:00,16450.0
2021-04-21 00:00:00+00:00,16525.0
2021-04-22 00:00:00+00:00,17000.0
2021-04-23 00:00:00+00:00,17875.0
2021-04-26 00:00:00+00:00,19025.0
2021-04-27 00:00:00+00:00,19075.0
2021-04-28 00:00:00+00:00,17500.0
2021-04-29 00:00:00+00:00,16800.0
2021-04-30 00:00:00+00:00,17225.0
2021-05-03 00:00:00+00:00,16900.0
2021-05-04 00:00:00+00:00,16750.0
2021-05-06 00:00:00+00:00,16275.0
2021-05-07 00:00:00+00:00,16350.0
2021-05-10 00:00:00+00:00,16100.0
2021-05-11 00:00:00+00:00,15550.0
2021-05-12 00:00:00+00:00,15850.0
2021-05-13 00:00:00+00:00,15000.0
2021-05-14 00:00:00+00:00,16425.0
2021-05-17 00:00:00+00:00,16350.0
2021-05-18 00:00:00+00:00,17100.0
2021-05-20 00:00:00+00:00,17125.0
2021-05-21 00:00:00+00:00,17125.0
2021-05-24 00:00:00+00:00,16275.0
2021-05-25 00:00:00+00:00,16125.0
2021-05-26 00:00:00+00:00,15900.0
2021-05-27 00:00:00+00:00,16850.0
2021-05-28 00:00:00+00:00,16650.0
2021-05-31 00:00:00+00:00,16300.0
2021-06-01 00:00:00+00:00,16100.0
2021-06-02 00:00:00+00:00,16500.0
2021-06-03 00:00:00+00:00,17450.0
2021-06-04 00:00:00+00:00,16975.0
2021-06-07 00:00:00+00:00,17100.0
2021-06-08 00:00:00+00:00,16800.0
2021-06-09 00:00:00+00:00,16450.0
2021-06-10 00:00:00+00:00,16725.0
2021-06-11 00:00:00+00:00,16650.0
2021-06-14 00:00:00+00:00,16475.0
2021-06-15 00:00:00+00:00,16675.0
2021-06-16 00:00:00+00:00,16800.0
2021-06-17 00:00:00+00:00,16825.0
2021-06-18 00:00:00+00:00,16850.0
2021-06-21 00:00:00+00:00,16350.0
2021-06-22 00:00:00+00:00,16425.0
2021-06-23 00:00:00+00:00,16150.0
2021-06-24 00:00:00+00:00,16350.0
2021-06-25 00:00:00+00:00,16350.0
2021-06-28 00:00:00+00:00,16375.0
2021-06-29 00:00:00+00:00,16525.0
2021-06-30 00:00:00+00:00,16925.0
2021-07-01 00:00:00+00:00,17050.0
2021-07-02 00:00:00+00:00,17925.0
2021-07-05 00:00:00+00:00,17525.0
2021-07-06 00:00:00+00:00,17550.0
2021-07-07 00:00:00+00:00,17625.0
2021-07-08 00:00:00+00:00,17075.0
2021-07-09 00:00:00+00:00,17125.0
2021-07-12 00:00:00+00:00,16925.0
2021-07-13 00:00:00+00:00,16975.0
2021-07-14 00:00:00+00:00,16800.0
2021-07-15 00:00:00+00:00,17125.0
2021-07-16 00:00:00+00:00,16975.0
2021-07-19 00:00:00+00:00,18275.0
2021-07-20 00:00:00+00:00,18750.0
2021-07-21 00:00:00+00:00,18650.0
2021-07-22 00:00:00+00:00,19600.0
2021-07-23 00:00:00+00:00,20150.0
2021-07-26 00:00:00+00:00,19150.0
2021-07-27 00:00:00+00:00,19050.0
2021-07-28 00:00:00+00:00,19125.0
2021-07-29 00:00:00+00:00,18450.0
2021-07-30 00:00:00+00:00,18325.0
2021-08-02 00:00:00+00:00,18725.0
2021-08-03 00:00:00+00:00,18750.0
2021-08-04 00:00:00+00:00,18600.0
2021-08-05 00:00:00+00:00,18625.0
2021-08-06 00:00:00+00:00,18425.0
2021-08-09 00:00:00+00:00,18750.0
2021-08-10 00:00:00+00:00,18225.0
2021-08-11 00:00:00+00:00,17700.0
2021-08-12 00:00:00+00:00,17950.0
2021-08-13 00:00:00+00:00,17100.0
2021-08-17 00:00:00+00:00,16650.0
2021-08-18 00:00:00+00:00,16850.0
2021-08-19 00:00:00+00:00,15850.0
2021-08-20 00:00:00+00:00,16050.0
2021-08-23 00:00:00+00:00,16600.0
2021-08-24 00:00:00+00:00,17200.0
2021-08-25 00:00:00+00:00,17425.0
2021-08-26 00:00:00+00:00,17425.0
2021-08-27 00:00:00+00:00,17250.0
2021-08-30 00:00:00+00:00,17175.0
2021-08-31 00:00:00+00:00,17275.0
2021-09-01 00:00:00+00:00,17100.0
2021-09-02 00:00:00+00:00,17000.0
2021-09-03 00:00:00+00:00,17025.0
2021-09-06 00:00:00+00:00,16650.0
2021-09-07 00:00:00+00:00,16375.0
2021-09-08 00:00:00+00:00,16275.0
2021-09-09 00:00:00+00:00,16050.0
2021-09-10 00:00:00+00:00,16125.0
2021-09-13 00:00:00+00:00,15975.0
2021-09-14 00:00:00+00:00,16025.0
2021-09-15 00:00:00+00:00,16100.0
2021-09-16 00:00:00+00:00,15925.0
2021-09-17 00:00:00+00:00,16250.0
2021-09-23 00:00:00+00:00,16225.0
2021-09-24 00:00:00+00:00,16200.0
2021-09-27 00:00:00+00:00,16500.0
2021-09-28 00:00:00+00:00,16100.0
2021-09-29 00:00:00+00:00,15450.0
2021-09-30 00:00:00+00:00,15550.0
2021-10-01 00:00:00+00:00,15250.0
2021-10-05 00:00:00+00:00,14500.0
2021-10-06 00:00:00+00:00,13750.0
2021-10-07 00:00:00+00:00,15100.0
2021-10-08 00:00:00+00:00,14700.0
2021-10-12 00:00:00+00:00,14050.0
2021-10-13 00:00:00+00:00,14050.0
2021-10-14 00:00:00+00:00,14600.0
2021-10-15 00:00:00+00:00,15700.0
2021-10-18 00:00:00+00:00,15575.0
2021-10-19 00:00:00+00:00,15325.0
2021-10-20 00:00:00+00:00,15150.0
2021-10-21 00:00:00+00:00,15075.0
2021-10-22 00:00:00+00:00,15275.0
2021-10-25 00:00:00+00:00,15325.0
2021-10-26 00:00:00+00:00,15825.0
2021-10-27 00:00:00+00:00,15775.0
2021-10-28 00:00:00+00:00,16275.0
2021-10-29 00:00:00+00:00,16075.0
2021-11-01 00:00:00+00:00,15700.0
2021-11-02 00:00:00+00:00,15825.0
2021-11-03 00:00:00+00:00,15500.0
2021-11-04 00:00:00+00:00,15700.0
2021-11-05 00:00:00+00:00,16150.0
2021-11-08 00:00:00+00:00,16150.0
2021-11-09 00:00:00+00:00,16175.0
2021-11-10 00:00:00+00:00,15725.0
2021-11-11 00:00:00+00:00,15550.0
2021-11-12 00:00:00+00:00,16100.0
2021-11-15 00:00:00+00:00,17225.0
2021-11-16 00:00:00+00:00,17325.0
2021-11-17 00:00:00+00:00,17300.0
2021-11-18 00:00:00+00:00,17625.0
2021-11-19 00:00:00+00:00,17900.0
2021-11-22 00:00:00+00:00,19300.0
2021-11-23 00:00:00+00:00,18650.0
2021-11-24 00:00:00+00:00,17850.0
2021-11-25 00:00:00+00:00,17300.0
2021-11-26 00:00:00+00:00,16925.0
2021-11-29 00:00:00+00:00,16600.0
2021-11-30 00:00:00+00:00,16300.0
2021-12-01 00:00:00+00:00,17350.0
2021-12-02 00:00:00+00:00,18250.0
2021-12-03 00:00:00+00:00,18375.0
2021-12-06 00:00:00+00:00,18825.0
2021-12-07 00:00:00+00:00,18825.0
2021-12-08 00:00:00+00:00,18150.0
2021-12-09 00:00:00+00:00,18150.0
2021-12-10 00:00:00+00:00,17950.0
2021-12-13 00:00:00+00:00,18575.0
2021-12-14 00:00:00+00:00,18550.0
2021-12-15 00:00:00+00:00,18350.0
2021-12-16 00:00:00+00:00,18150.0
2021-12-17 00:00:00+00:00,17650.0
2021-12-20 00:00:00+00:00,17525.0
2021-12-21 00:00:00+00:00,17925.0
2021-12-22 00:00:00+00:00,17875.0
2021-12-23 00:00:00+00:00,18050.0
2021-12-24 00:00:00+00:00,18050.0
2021-12-27 00:00:00+00:00,18300.0
2021-12-28 00:00:00+00:00,18425.0
2021-12-29 00:00:00+00:00,18500.0
2021-12-30 00:00:00+00:00,18925.0
2022-01-04 00:00:00+00:00,18625.0
2022-01-05 00:00:00+00:00,18000.0
2022-01-06 00:00:00+00:00,17500.0
2022-01-07 00:00:00+00:00,18000.0
2022-01-10 00:00:00+00:00,17625.0
2022-01-11 00:00:00+00:00,17225.0
2022-01-12 00:00:00+00:00,17650.0
2022-01-13 00:00:00+00:00,17975.0
2022-01-14 00:00:00+00:00,18575.0
2022-01-17 00:00:00+00:00,18625.0
2022-01-18 00:00:00+00:00,18300.0
2022-01-19 00:00:00+00:00,17800.0
2022-01-20 00:00:00+00:00,18550.0
2022-01-21 00:00:00+00:00,18075.0
2022-01-24 00:00:00+00:00,18175.0
2022-01-25 00:00:00+00:00,18100.0
2022-01-26 00:00:00+00:00,18100.0
2022-01-27 00:00:00+00:00,17875.0
2022-01-28 00:00:00+00:00,18450.0
2022-02-03 00:00:00+00:00,18375.0
2022-02-04 00:00:00+00:00,18850.0
2022-02-07 00:00:00+00:00,19050.0
2022-02-08 00:00:00+00:00,19050.0
2022-02-09 00:00:00+00:00,19050.0
2022-02-10 00:00:00+00:00,18200.0
2022-02-11 00:00:00+00:00,17550.0
2022-02-14 00:00:00+00:00,16500.0
2022-02-15 00:00:00+00:00,16050.0
2022-02-16 00:00:00+00:00,16800.0
2022-02-17 00:00:00+00:00,16775.0
2022-02-18 00:00:00+00:00,16875.0
2022-02-21 00:00:00+00:00,16875.0
2022-02-22 00:00:00+00:00,16875.0
2022-02-23 00:00:00+00:00,16875.0
2022-02-24 00:00:00+00:00,16600.0
2022-02-25 00:00:00+00:00,16675.0
2022-02-28 00:00:00+00:00,16675.0
2022-03-02 00:00:00+00:00,16625.0
2022-03-03 00:00:00+00:00,16975.0
2022-03-04 00:00:00+00:00,16975.0
2022-03-07 00:00:00+00:00,16475.0
2022-03-08 00:00:00+00:00,16075.0
2022-03-10 00:00:00+00:00,16075.0
2022-03-11 00:00:00+00:00,16350.0
2022-03-14 00:00:00+00:00,15900.0
2022-03-15 00:00:00+00:00,15525.0
2022-03-16 00:00:00+00:00,15675.0
2022-03-17 00:00:00+00:00,16100.0
2022-03-18 00:00:00+00:00,16500.0
2022-03-21 00:00:00+00:00,16500.0
2022-03-22 00:00:00+00:00,16525.0
2022-03-23 00:00:00+00:00,16525.0
2022-03-24 00:00:00+00:00,16650.0
2022-03-25 00:00:00+00:00,17175.0
2022-03-28 00:00:00+00:00,17225.0
2022-03-29 00:00:00+00:00,17575.0
2022-03-30 00:00:00+00:00,17350.0
2022-03-31 00:00:00+00:00,17500.0
2022-04-01 00:00:00+00:00,17500.0
2022-04-04 00:00:00+00:00,17500.0
2022-04-05 00:00:00+00:00,17500.0
2022-04-06 00:00:00+00:00,16850.0
2022-04-07 00:00:00+00:00,17000.0
2022-04-08 00:00:00+00:00,17000.0
2022-04-11 00:00:00+00:00,16500.0
2022-04-12 00:00:00+00:00,15900.0
2022-04-13 00:00:00+00:00,16400.0
2022-04-14 00:00:00+00:00,17250.0
2022-04-15 00:00:00+00:00,16950.0
2022-04-18 00:00:00+00:00,16850.0
2022-04-19 00:00:00+00:00,17050.0
2022-04-20 00:00:00+00:00,16900.0
2022-04-21 00:00:00+00:00,16950.0
2022-04-22 00:00:00+00:00,16550.0
2022-04-25 00:00:00+00:00,15900.0
2022-04-26 00:00:00+00:00,15750.0
2022-04-27 00:00:00+00:00,15500.0
2022-04-28 00:00:00+00:00,15150.0
2022-04-29 00:00:00+00:00,15300.0
2022-05-02 00:00:00+00:00,15000.0
2022-05-03 00:00:00+00:00,15050.0
2022-05-04 00:00:00+00:00,14950.0
2022-05-06 00:00:00+00:00,14500.0
2022-05-10 00:00:00+00:00,14300.0
2022-05-11 00:00:00+00:00,14450.0
2022-05-12 00:00:00+00:00,13950.0
2022-05-13 00:00:00+00:00,14100.0
2022-05-16 00:00:00+00:00,14300.0
2022-05-17 00:00:00+00:00,14500.0
2022-05-18 00:00:00+00:00,15050.0
2022-05-19 00:00:00+00:00,14800.0
2022-05-20 00:00:00+00:00,14750.0
2022-05-23 00:00:00+00:00,15000.0
2022-05-24 00:00:00+00:00,14600.0
2022-05-25 00:00:00+00:00,14550.0
2022-05-26 00:00:00+00:00,14350.0
2022-05-27 00:00:00+00:00,14350.0
2022-05-30 00:00:00+00:00,14450.0
2022-05-31 00:00:00+00:00,14400.0
2022-06-02 00:00:00+00:00,14300.0
2022-06-03 00:00:00+00:00,14850.0
2022-06-07 00:00:00+00:00,14700.0
2022-06-08 00:00:00+00:00,14550.0
2022-06-09 00:00:00+00:00,14750.0
2022-06-10 00:00:00+00:00,14450.0
2022-06-13 00:00:00+00:00,13600.0
2022-06-14 00:00:00+00:00,13250.0
2022-06-15 00:00:00+00:00,13400.0
2022-06-16 00:00:00+00:00,13300.0
2022-06-17 00:00:00+00:00,13350.0
2022-06-20 00:00:00+00:00,12400.0
2022-06-21 00:00:00+00:00,12700.0
2022-06-22 00:00:00+00:00,11650.0
2022-06-23 00:00:00+00:00,11650.0
2022-06-24 00:00:00+00:00,12000.0
2022-06-27 00:00:00+00:00,12950.0
2022-06-28 00:00:00+00:00,13200.0
2022-06-29 00:00:00+00:00,13100.0
2022-06-30 00:00:00+00:00,12550.0
2022-07-01 00:00:00+00:00,12300.0
2022-07-04 00:00:00+00:00,12250.0
2022-07-05 00:00:00+00:00,12800.0
2022-07-06 00:00:00+00:00,12350.0
2022-07-07 00:00:00+00:00,12750.0
2022-07-08 00:00:00+00:00,12850.0
2022-07-11 00:00:00+00:00,13800.0
2022-07-12 00:00:00+00:00,13350.0
2022-07-13 00:00:00+00:00,13900.0
2022-07-14 00:00:00+00:00,13950.0
2022-07-15 00:00:00+00:00,13500.0
2022-07-18 00:00:00+00:00,13650.0
2022-07-19 00:00:00+00:00,13500.0
2022-07-20 00:00:00+00:00,13600.0
2022-07-21 00:00:00+00:00,14100.0
2022-07-22 00:00:00+00:00,14400.0
2022-07-25 00:00:00+00:00,14050.0
2022-07-26 00:00:00+00:00,13850.0
2022-07-27 00:00:00+00:00,13900.0
2022-07-28 00:00:00+00:00,13700.0
2022-07-29 00:00:00+00:00,13500.0
2022-08-01 00:00:00+00:00,13400.0
2022-08-02 00:00:00+00:00,13200.0
2022-08-03 00:00:00+00:00,13400.0
2022-08-04 00:00:00+00:00,13350.0
2022-08-05 00:00:00+00:00,13650.0
2022-08-08 00:00:00+00:00,13400.0
2022-08-09 00:00:00+00:00,12950.0
2022-08-10 00:00:00+00:00,12400.0
2022-08-11 00:00:00+00:00,12550.0
2022-08-12 00:00:00+00:00,12800.0
2022-08-16 00:00:00+00:00,13000.0
2022-08-17 00:00:00+00:00,12900.0
2022-08-18 00:00:00+00:00,12900.0
2022-08-19 00:00:00+00:00,12650.0
2022-08-22 00:00:00+00:00,12300.0
2022-08-23 00:00:00+00:00,12150.0
2022-08-24 00:00:00+00:00,12050.0
2022-08-25 00:00:00+00:00,12200.0
2022-08-26 00:00:00+00:00,12250.0
2022-08-29 00:00:00+00:00,11650.0
2022-08-30 00:00:00+00:00,11900.0
2022-08-31 00:00:00+00:00,12050.0
2022-09-01 00:00:00+00:00,11700.0
2022-09-02 00:00:00+00:00,11900.0
2022-09-05 00:00:00+00:00,11700.0
2022-09-06 00:00:00+00:00,12000.0
2022-09-07 00:00:00+00:00,12100.0
2022-09-08 00:00:00+00:00,12150.0
2022-09-13 00:00:00+00:00,12600.0
2022-09-14 00:00:00+00:00,12200.0
2022-09-15 00:00:00+00:00,12500.0
2022-09-16 00:00:00+00:00,12500.0
2022-09-19 00:00:00+00:00,13000.0
2022-09-20 00:00:00+00:00,13050.0
2022-09-21 00:00:00+00:00,12700.0
2022-09-22 00:00:00+00:00,12750.0
2022-09-23 00:00:00+00:00,12900.0
2022-09-26 00:00:00+00:00,12000.0
2022-09-27 00:00:00+00:00,11950.0
2022-09-28 00:00:00+00:00,11500.0
2022-09-29 00:00:00+00:00,11250.0
2022-09-30 00:00:00+00:00,10800.0
2022-10-04 00:00:00+00:00,12150.0
2022-10-05 00:00:00+00:00,11900.0
2022-10-06 00:00:00+00:00,12500.0
2022-10-07 00:00:00+00:00,12250.0
2022-10-11 00:00:00+00:00,11950.0
2022-10-12 00:00:00+00:00,11950.0
2022-10-13 00:00:00+00:00,11450.0
2022-10-14 00:00:00+00:00,12150.0
2022-10-17 00:00:00+00:00,12300.0
2022-10-18 00:00:00+00:00,12150.0
2022-10-19 00:00:00+00:00,11700.0
2022-10-20 00:00:00+00:00,11250.0
2022-10-21 00:00:00+00:00,11250.0
2022-10-24 00:00:00+00:00,11950.0
2022-10-25 00:00:00+00:00,12300.0
2022-10-26 00:00:00+00:00,12050.0
2022-10-27 00:00:00+00:00,12050.0
2022-10-28 00:00:00+00:00,11600.0
2022-10-31 00:00:00+00:00,11800.0
2022-11-01 00:00:00+00:00,11850.0
2022-11-02 00:00:00+00:00,11650.0
2022-11-03 00:00:00+00:00,11650.0
2022-11-04 00:00:00+00:00,11550.0
2022-11-07 00:00:00+00:00,11750.0
2022-11-08 00:00:00+00:00,12050.0
2022-11-09 00:00:00+00:00,12100.0
2022-11-10 00:00:00+00:00,11850.0
2022-11-11 00:00:00+00:00,12300.0
2022-11-14 00:00:00+00:00,12550.0
2022-11-15 00:00:00+00:00,13050.0
2022-11-16 00:00:00+00:00,13150.0
2022-11-17 00:00:00+00:00,12900.0
2022-11-18 00:00:00+00:00,13000.0
2022-11-21 00:00:00+00:00,13100.0
2022-11-22 00:00:00+00:00,12750.0
2022-11-23 00:00:00+00:00,12850.0
2022-11-24 00:00:00+00:00,13150.0
2022-11-25 00:00:00+00:00,13000.0
2022-11-28 00:00:00+00:00,12900.0
2022-11-29 00:00:00+00:00,13600.0
2022-11-30 00:00:00+00:00,13400.0
2022-12-01 00:00:00+00:00,13350.0
2022-12-02 00:00:00+00:00,13150.0
2022-12-05 00:00:00+00:00,13200.0
2022-12-06 00:00:00+00:00,12700.0
2022-12-07 00:00:00+00:00,12550.0
2022-12-08 00:00:00+00:00,12400.0
2022-12-09 00:00:00+00:00,12900.0
2022-12-12 00:00:00+00:00,12600.0
2022-12-13 00:00:00+00:00,12700.0
2022-12-14 00:00:00+00:00,13050.0
2022-12-15 00:00:00+00:00,12950.0
2022-12-16 00:00:00+00:00,12900.0
2022-12-19 00:00:00+00:00,12850.0
2022-12-20 00:00:00+00:00,12550.0
2022-12-21 00:00:00+00:00,12500.0
2022-12-22 00:00:00+00:00,12650.0
2022-12-23 00:00:00+00:00,12200.0
2022-12-26 00:00:00+00:00,12150.0
2022-12-27 00:00:00+00:00,12250.0
2022-12-28 00:00:00+00:00,11900.0
2022-12-29 00:00:00+00:00,11500.0
2023-01-02 00:00:00+00:00,11300.0
2023-01-03 00:00:00+00:00,11750.0
2023-01-04 00:00:00+00:00,12650.0
2023-01-05 00:00:00+00:00,12350.0
2023-01-06 00:00:00+00:00,12650.0
2023-01-09 00:00:00+00:00,12750.0
2023-01-10 00:00:00+00:00,13100.0
2023-01-11 00:00:00+00:00,13100.0
2023-01-12 00:00:00+00:00,13050.0
2023-01-13 00:00:00+00:00,13100.0
2023-01-16 00:00:00+00:00,13200.0
2023-01-17 00:00:00+00:00,13200.0
2023-01-18 00:00:00+00:00,13300.0
2023-01-19 00:00:00+00:00,13300.0
2023-01-20 00:00:00+00:00,13100.0
2023-01-25 00:00:00+00:00,13720.0
2023-01-26 00:00:00+00:00,13720.0
2023-01-27 00:00:00+00:00,13810.0
2023-01-30 00:00:00+00:00,13860.0
2023-01-31 00:00:00+00:00,14210.0
2023-02-01 00:00:00+00:00,14200.0
2023-02-02 00:00:00+00:00,14510.0
2023-02-03 00:00:00+00:00,14540.0
2023-02-06 00:00:00+00:00,14540.0
2023-02-07 00:00:00+00:00,15150.0
2023-02-08 00:00:00+00:00,15390.0
2023-02-09 00:00:00+00:00,15350.0
2023-02-10 00:00:00+00:00,15520.0
2023-02-13 00:00:00+00:00,15780.0
2023-02-14 00:00:00+00:00,15600.0
2023-02-15 00:00:00+00:00,15990.0
2023-02-16 00:00:00+00:00,15840.0
2023-02-17 00:00:00+00:00,15220.0
2023-02-20 00:00:00+00:00,15290.0
2023-02-21 00:00:00+00:00,15400.0
2023-02-22 00:00:00+00:00,15470.0
2023-02-23 00:00:00+00:00,15740.0
2023-02-24 00:00:00+00:00,15850.0
2023-02-27 00:00:00+00:00,16050.0
2023-02-28 00:00:00+00:00,15960.0
2023-03-02 00:00:00+00:00,15690.0
2023-03-03 00:00:00+00:00,15570.0
2023-03-06 00:00:00+00:00,15860.0
2023-03-07 00:00:00+00:00,16230.0
2023-03-08 00:00:00+00:00,16170.0
2023-03-09 00:00:00+00:00,15800.0
2023-03-10 00:00:00+00:00,15170.0
2023-03-13 00:00:00+00:00,15100.0
2023-03-14 00:00:00+00:00,14320.0
2023-03-15 00:00:00+00:00,14230.0
2023-03-16 00:00:00+00:00,14770.0
2023-03-17 00:00:00+00:00,16010.0
2023-03-20 00:00:00+00:00,16070.0
2023-03-21 00:00:00+00:00,15760.0
2023-03-22 00:00:00+00:00,16170.0
2023-03-23 00:00:00+00:00,16360.0
2023-03-24 00:00:00+00:00,19940.0
2023-03-27 00:00:00+00:00,20650.0
2023-03-28 00:00:00+00:00,21100.0
2023-03-29 00:00:00+00:00,21050.0
2023-03-30 00:00:00+00:00,21300.0
2023-03-31 00:00:00+00:00,20700.0
2023-04-03 00:00:00+00:00,20700.0
2023-04-04 00:00:00+00:00,19080.0
2023-04-05 00:00:00+00:00,19480.0
2023-04-06 00:00:00+00:00,19630.0
2023-04-07 00:00:00+00:00,20450.0
2023-04-10 00:00:00+00:00,19990.0
2023-04-11 00:00:00+00:00,21250.0
2023-04-12 00:00:00+00:00,20350.0
2023-04-13 00:00:00+00:00,20300.0
2023-04-14 00:00:00+00:00,19880.0
2023-04-17 00:00:00+00:00,20100.0
2023-04-18 00:00:00+00:00,20000.0
2023-04-19 00:00:00+00:00,20350.0
2023-04-20 00:00:00+00:00,21150.0
2023-04-21 00:00:00+00:00,21600.0
2023-04-24 00:00:00+00:00,20300.0
2023-04-25 00:00:00+00:00,20450.0
2023-04-26 00:00:00+00:00,21550.0
2023-04-27 00:00:00+00:00,21500.0
2023-04-28 00:00:00+00:00,20550.0
2023-05-02 00:00:00+00:00,21350.0
2023-05-03 00:00:00+00:00,23200.0
2023-05-04 00:00:00+00:00,21700.0
2023-05-08 00:00:00+00:00,21500.0
2023-05-09 00:00:00+00:00,21450.0
2023-05-10 00:00:00+00:00,21000.0
2023-05-11 00:00:00+00:00,20450.0
2023-05-12 00:00:00+00:00,20350.0
2023-05-15 00:00:00+00:00,19600.0
2023-05-16 00:00:00+00:00,19810.0
2023-05-17 00:00:00+00:00,20250.0
2023-05-18 00:00:00+00:00,21350.0
2023-05-19 00:00:00+00:00,25950.0
2023-05-22 00:00:00+00:00,26150.0
2023-05-23 00:00:00+00:00,26600.0
2023-05-24 00:00:00+00:00,26550.0
2023-05-25 00:00:00+00:00,27300.0
2023-05-26 00:00:00+00:00,27150.0
2023-05-30 00:00:00+00:00,27200.0
2023-05-31 00:00:00+00:00,26550.0
2023-06-01 00:00:00+00:00,26350.0
2023-06-02 00:00:00+00:00,25700.0
2023-06-05 00:00:00+00:00,25150.0
2023-06-07 00:00:00+00:00,25000.0
2023-06-08 00:00:00+00:00,25650.0
2023-06-09 00:00:00+00:00,26600.0
2023-06-12 00:00:00+00:00,26500.0
2023-06-13 00:00:00+00:00,26600.0
2023-06-14 00:00:00+00:00,26350.0
2023-06-15 00:00:00+00:00,29150.0
2023-06-16 00:00:00+00:00,29100.0
2023-06-19 00:00:00+00:00,29300.0
2023-06-20 00:00:00+00:00,30900.0
2023-06-21 00:00:00+00:00,29200.0
2023-06-22 00:00:00+00:00,29050.0
2023-06-23 00:00:00+00:00,30350.0
2023-06-26 00:00:00+00:00,30650.0
2023-06-27 00:00:00+00:00,30100.0
2023-06-28 00:00:00+00:00,29800.0
2023-06-29 00:00:00+00:00,30200.0
2023-06-30 00:00:00+00:00,30150.0
2023-07-03 00:00:00+00:00,31200.0
2023-07-04 00:00:00+00:00,31500.0
2023-07-05 00:00:00+00:00,30750.0
2023-07-06 00:00:00+00:00,29250.0
2023-07-07 00:00:00+00:00,29350.0
2023-07-10 00:00:00+00:00,28900.0
2023-07-11 00:00:00+00:00,30500.0
2023-07-12 00:00:00+00:00,31700.0
2023-07-13 00:00:00+00:00,41200.0
2023-07-14 00:00:00+00:00,46800.0
2023-07-17 00:00:00+00:00,49500.0
2023-07-18 00:00:00+00:00,49550.0
2023-07-19 00:00:00+00:00,43500.0
2023-07-20 00:00:00+00:00,45950.0
2023-07-21 00:00:00+00:00,45000.0
2023-07-24 00:00:00+00:00,47200.0
2023-07-25 00:00:00+00:00,46300.0
2023-07-26 00:00:00+00:00,43800.0
2023-07-27 00:00:00+00:00,45900.0
2023-07-28 00:00:00+00:00,47150.0
2023-07-31 00:00:00+00:00,48500.0
2023-08-01 00:00:00+00:00,53400.0
2023-08-02 00:00:00+00:00,49250.0
2023-08-03 00:00:00+00:00,49300.0
2023-08-04 00:00:00+00:00,46950.0
2023-08-07 00:00:00+00:00,47200.0
2023-08-08 00:00:00+00:00,47700.0
2023-08-09 00:00:00+00:00,46750.0
2023-08-10 00:00:00+00:00,46800.0
2023-08-11 00:00:00+00:00,47850.0
2023-08-14 00:00:00+00:00,45600.0
2023-08-16 00:00:00+00:00,48150.0
2023-08-17 00:00:00+00:00,48750.0
2023-08-18 00:00:00+00:00,57800.0
2023-08-21 00:00:00+00:00,59700.0
2023-08-22 00:00:00+00:00,55800.0
2023-08-23 00:00:00+00:00,57000.0
2023-08-24 00:00:00+00:00,55500.0
2023-08-25 00:00:00+00:00,54400.0
2023-08-28 00:00:00+00:00,55000.0
2023-08-29 00:00:00+00:00,55300.0
2023-08-30 00:00:00+00:00,57100.0
2023-08-31 00:00:00+00:00,59800.0
2023-09-01 00:00:00+00:00,58500.0
2023-09-04 00:00:00+00:00,58200.0
2023-09-05 00:00:00+00:00,58800.0
2023-09-06 00:00:00+00:00,57500.0
2023-09-07 00:00:00+00:00,57300.0
2023-09-08 00:00:00+00:00,54200.0
2023-09-11 00:00:00+00:00,53300.0
2023-09-12 00:00:00+00:00,52800.0
2023-09-13 00:00:00+00:00,53100.0
2023-09-14 00:00:00+00:00,53800.0
2023-09-15 00:00:00+00:00,54100.0
2023-09-18 00:00:00+00:00,50300.0
2023-09-19 00:00:00+00:00,49550.0
2023-09-20 00:00:00+00:00,49700.0
2023-09-21 00:00:00+00:00,48450.0
2023-09-22 00:00:00+00:00,49800.0
2023-09-25 00:00:00+00:00,49800.0
2023-09-26 00:00:00+00:00,50400.0
2023-09-27 00:00:00+00:00,52700.0
2023-10-04 00:00:00+00:00,54200.0
2023-10-05 00:00:00+00:00,53100.0
2023-10-06 00:00:00+00:00,53100.0
2023-10-10 00:00:00+00:00,49750.0
2023-10-11 00:00:00+00:00,51500.0
2023-10-12 00:00:00+00:00,55700.0
2023-10-13 00:00:00+00:00,57300.0
2023-10-16 00:00:00+00:00,58400.0
2023-10-17 00:00:00+00:00,58900.0
2023-10-18 00:00:00+00:00,58500.0
2023-10-19 00:00:00+00:00,58700.0
2023-10-20 00:00:00+00:00,58500.0
2023-10-23 00:00:00+00:00,55400.0
2023-10-24 00:00:00+00:00,58600.0
2023-10-25 00:00:00+00:00,59500.0
2023-10-26 00:00:00+00:00,58100.0
2023-10-27 00:00:00+00:00,57200.0
2023-10-30 00:00:00+00:00,57000.0
2023-10-31 00:00:00+00:00,52500.0
2023-11-01 00:00:00+00:00,52700.0
2023-11-02 00:00:00+00:00,57400.0
2023-11-03 00:00:00+00:00,56500.0
2023-11-06 00:00:00+00:00,58500.0
2023-11-07 00:00:00+00:00,62600.0
2023-11-08 00:00:00+00:00,60800.0
2023-11-09 00:00:00+00:00,61500.0
2023-11-10 00:00:00+00:00,66300.0
2023-11-13 00:00:00+00:00,57800.0
2023-11-14 00:00:00+00:00,59500.0
2023-11-15 00:00:00+00:00,62300.0
2023-11-16 00:00:00+00:00,62400.0
2023-11-17 00:00:00+00:00,62800.0
2023-11-20 00:00:00+00:00,62000.0
2023-11-21 00:00:00+00:00,61500.0
2023-11-22 00:00:00+00:00,61700.0
2023-11-23 00:00:00+00:00,59700.0
2023-11-24 00:00:00+00:00,60800.0
2023-11-27 00:00:00+00:00,59700.0
2023-11-28 00:00:00+00:00,61600.0
2023-11-29 00:00:00+00:00,61100.0
2023-11-30 00:00:00+00:00,63600.0
2023-12-01 00:00:00+00:00,62000.0
2023-12-04 00:00:00+00:00,59800.0
2023-12-05 00:00:00+00:00,57800.0
2023-12-06 00:00:00+00:00,57900.0
2023-12-07 00:00:00+00:00,58900.0
2023-12-08 00:00:00+00:00,60300.0
2023-12-11 00:00:00+00:00,58900.0
2023-12-12 00:00:00+00:00,58900.0
2023-12-13 00:00:00+00:00,58600.0
2023-12-14 00:00:00+00:00,59200.0
2023-12-15 00:00:00+00:00,58300.0
2023-12-18 00:00:00+00:00,58300.0
2023-12-19 00:00:00+00:00,58900.0
2023-12-20 00:00:00+00:00,58700.0
2023-12-21 00:00:00+00:00,59200.0
2023-12-22 00:00:00+00:00,58600.0
2023-12-26 00:00:00+00:00,57600.0
2023-12-27 00:00:00+00:00,61500.0
2023-12-28 00:00:00+00:00,61700.0
2024-01-02 00:00:00+00:00,60800.0
2024-01-03 00:00:00+00:00,59500.0
2024-01-04 00:00:00+00:00,59000.0
2024-01-05 00:00:00+00:00,58800.0
2024-01-08 00:00:00+00:00,58100.0
2024-01-09 00:00:00+00:00,58700.0
2024-01-10 00:00:00+00:00,58400.0
2024-01-11 00:00:00+00:00,59000.0
2024-01-12 00:00:00+00:00,57100.0
2024-01-15 00:00:00+00:00,56200.0
2024-01-16 00:00:00+00:00,52700.0
2024-01-17 00:00:00+00:00,52400.0
2024-01-18 00:00:00+00:00,56200.0
2024-01-19 00:00:00+00:00,57700.0
2024-01-22 00:00:00+00:00,57700.0
2024-01-23 00:00:00+00:00,57700.0
2024-01-24 00:00:00+00:00,59200.0
2024-01-25 00:00:00+00:00,57700.0
2024-01-26 00:00:00+00:00,58700.0
2024-01-29 00:00:00+00:00,59800.0
2024-01-30 00:00:00+00:00,59500.0
2024-01-31 00:00:00+00:00,58700.0
2024-02-01 00:00:00+00:00,57400.0
2024-02-02 00:00:00+00:00,59400.0
2024-02-05 00:00:00+00:00,58800.0
2024-02-06 00:00:00+00:00,61000.0
2024-02-07 00:00:00+00:00,60400.0
2024-02-08 00:00:00+00:00,78500.0
2024-02-13 00:00:00+00:00,81000.0
2024-02-14 00:00:00+00:00,79000.0
2024-02-15 00:00:00+00:00,75000.0
2024-02-16 00:00:00+00:00,75400.0
2024-02-19 00:00:00+00:00,74500.0
2024-02-20 00:00:00+00:00,74500.0
2024-02-21 00:00:00+00:00,71600.0
2024-02-22 00:00:00+00:00,76400.0
2024-02-23 00:00:00+00:00,73800.0
2024-02-26 00:00:00+00:00,77700.0
2024-02-27 00:00:00+00:00,82700.0
2024-02-28 00:00:00+00:00,90100.0
2024-02-29 00:00:00+00:00,84800.0
2024-03-04 00:00:00+00:00,95400.0
2024-03-05 00:00:00+00:00,94800.0
2024-03-06 00:00:00+00:00,101400.0
2024-03-07 00:00:00+00:00,98700.0
2024-03-08 00:00:00+00:00,100100.0
2024-03-11 00:00:00+00:00,97400.0
2024-03-12 00:00:00+00:00,98100.0
2024-03-13 00:00:00+00:00,100100.0
2024-03-14 00:00:00+00:00,98900.0
2024-03-15 00:00:00+00:00,96200.0
2024-03-18 00:00:00+00:00,98300.0
2024-03-19 00:00:00+00:00,93400.0
2024-03-20 00:00:00+00:00,93100.0
2024-03-21 00:00:00+00:00,93800.0
2024-03-22 00:00:00+00:00,93800.0
2024-03-25 00:00:00+00:00,97400.0
2024-03-26 00:00:00+00:00,112500.0
2024-03-27 00:00:00+00:00,114400.0
2024-03-28 00:00:00+00:00,134000.0
2024-03-29 00:00:00+00:00,133700.0
2024-04-01 00:00:00+00:00,142300.0
2024-04-02 00:00:00+00:00,145500.0
2024-04-03 00:00:00+00:00,144900.0
2024-04-04 00:00:00+00:00,137300.0
2024-04-05 00:00:00+00:00,135700.0
2024-04-08 00:00:00+00:00,132500.0
2024-04-09 00:00:00+00:00,132900.0
2024-04-11 00:00:00+00:00,141700.0
2024-04-12 00:00:00+00:00,145500.0
2024-04-15 00:00:00+00:00,146300.0
2024-04-16 00:00:00+00:00,140300.0
2024-04-17 00:00:00+00:00,136300.0
2024-04-18 00:00:00+00:00,142600.0
2024-04-19 00:00:00+00:00,136400.0
2024-04-22 00:00:00+00:00,127100.0
2024-04-23 00:00:00+00:00,131400.0
2024-04-24 00:00:00+00:00,142600.0
2024-04-25 00:00:00+00:00,136500.0
2024-04-26 00:00:00+00:00,137200.0
2024-04-29 00:00:00+00:00,137100.0
2024-04-30 00:00:00+00:00,135000.0
2024-05-02 00:00:00+00:00,133000.0
2024-05-03 00:00:00+00:00,130000.0
2024-05-07 00:00:00+00:00,136500.0
2024-05-08 00:00:00+00:00,140800.0
2024-05-09 00:00:00+00:00,141600.0
2024-05-10 00:00:00+00:00,139100.0
2024-05-13 00:00:00+00:00,139700.0
2024-05-14 00:00:00+00:00,141800.0
2024-05-16 00:00:00+00:00,144100.0
2024-05-17 00:00:00+00:00,139900.0
2024-05-20 00:00:00+00:00,141300.0
2024-05-21 00:00:00+00:00,140200.0
2024-05-22 00:00:00+00:00,147300.0
2024-05-23 00:00:00+00:00,146400.0
2024-05-24 00:00:00+00:00,147700.0
2024-05-27 00:00:00+00:00,152200.0
2024-05-28 00:00:00+00:00,163000.0
2024-05-29 00:00:00+00:00,169200.0
2024-05-30 00:00:00+00:00,165300.0
2024-05-31 00:00:00+00:00,161700.0
2024-06-03 00:00:00+00:00,146700.0
2024-06-04 00:00:00+00:00,148600.0
2024-06-05 00:00:00+00:00,155800.0
2024-06-07 00:00:00+00:00,156800.0
2024-06-10 00:00:00+00:00,160000.0
2024-06-11 00:00:00+00:00,159300.0
2024-06-12 00:00:00+00:00,173900.0
2024-06-13 00:00:00+00:00,189000.0
2024-06-14 00:00:00+00:00,179900.0
2024-06-17 00:00:00+00:00,180100.0
2024-06-18 00:00:00+00:00,179500.0
2024-06-19 00:00:00+00:00,177000.0
2024-06-20 00:00:00+00:00,179300.0
2024-06-21 00:00:00+00:00,180300.0
2024-06-24 00:00:00+00:00,175400.0
2024-06-25 00:00:00+00:00,172900.0
2024-06-26 00:00:00+00:00,179800.0
2024-06-27 00:00:00+00:00,173700.0
2024-06-28 00:00:00+00:00,172300.0
2024-07-01 00:00:00+00:00,170800.0
2024-07-02 00:00:00+00:00,168600.0
2024-07-03 00:00:00+00:00,166800.0
2024-07-04 00:00:00+00:00,160200.0
2024-07-05 00:00:00+00:00,165400.0
2024-07-08 00:00:00+00:00,162500.0
2024-07-09 00:00:00+00:00,164100.0
2024-07-10 00:00:00+00:00,162400.0
2024-07-11 00:00:00+00:00,161000.0
2024-07-12 00:00:00+00:00,160500.0
2024-07-15 00:00:00+00:00,157900.0
2024-07-16 00:00:00+00:00,168100.0
2024-07-17 00:00:00+00:00,159400.0
2024-07-18 00:00:00+00:00,153500.0
2024-07-19 00:00:00+00:00,151000.0
2024-07-22 00:00:00+00:00,145400.0
2024-07-23 00:00:00+00:00,145500.0
2024-07-24 00:00:00+00:00,143400.0
2024-07-25 00:00:00+00:00,135500.0
2024-07-26 00:00:00+00:00,137500.0
2024-07-29 00:00:00+00:00,137400.0
2024-07-30 00:00:00+00:00,128700.0
2024-07-31 00:00:00+00:00,131200.0
2024-08-01 00:00:00+00:00,127300.0
2024-08-02 00:00:00+00:00,115400.0
2024-08-05 00:00:00+00:00,102600.0
2024-08-06 00:00:00+00:00,107600.0
2024-08-07 00:00:00+00:00,107900.0
2024-08-08 00:00:00+00:00,104900.0
2024-08-09 00:00:00+00:00,108500.0
2024-08-12 00:00:00+00:00,114200.0
2024-08-13 00:00:00+00:00,113200.0
2024-08-14 00:00:00+00:00,118500.0
2024-08-16 00:00:00+00:00,127700.0
2024-08-19 00:00:00+00:00,124900.0
2024-08-20 00:00:00+00:00,125500.0
2024-08-21 00:00:00+00:00,124800.0
2024-08-22 00:00:00+00:00,120700.0
2024-08-23 00:00:00+00:00,117800.0
2024-08-26 00:00:00+00:00,115400.0
2024-08-27 00:00:00+00:00,115100.0
2024-08-28 00:00:00+00:00,122800.0
2024-08-29 00:00:00+00:00,111200.0
2024-08-30 00:00:00+00:00,114500.0
2024-09-02 00:00:00+00:00,111400.0
2024-09-03 00:00:00+00:00,108600.0
2024-09-04 00:00:00+00:00,101000.0
2024-09-05 00:00:00+00:00,99800.0
2024-09-06 00:00:00+00:00,96500.0
2024-09-09 00:00:00+00:00,97600.0
2024-09-10 00:00:00+00:00,96400.0
2024-09-11 00:00:00+00:00,96300.0
2024-09-12 00:00:00+00:00,101400.0
2024-09-13 00:00:00+00:00,99500.0
2024-09-19 00:00:00+00:00,96200.0
2024-09-20 00:00:00+00:00,100300.0
2024-09-23 00:00:00+00:00,101400.0
2024-09-24 00:00:00+00:00,105600.0
2024-09-25 00:00:00+00:00,106600.0
2024-09-26 00:00:00+00:00,114200.0
2024-09-27 00:00:00+00:00,113000.0
2024-09-30 00:00:00+00:00,108300.0
2024-10-02 00:00:00+00:00,107900.0
2024-10-04 00:00:00+00:00,107400.0
2024-10-07 00:00:00+00:00,110800.0
2024-10-08 00:00:00+00:00,107400.0
2024-10-10 00:00:00+00:00,110700.0
2024-10-11 00:00:00+00:00,109500.0
2024-10-14 00:00:00+00:00,109500.0
2024-10-15 00:00:00+00:00,112000.0
2024-10-16 00:00:00+00:00,108700.0
2024-10-17 00:00:00+00:00,116300.0
2024-10-18 00:00:00+00:00,104200.0
2024-10-21 00:00:00+00:00,101500.0
2024-10-22 00:00:00+00:00,98800.0
2024-10-23 00:00:00+00:00,101500.0
2024-10-24 00:00:00+00:00,98200.0
2024-10-25 00:00:00+00:00,97800.0
2024-10-28 00:00:00+00:00,95500.0
2024-10-29 00:00:00+00:00,92600.0
2024-10-30 00:00:00+00:00,96300.0
2024-10-31 00:00:00+00:00,92000.0
2024-11-01 00:00:00+00:00,92800.0
2024-11-04 00:00:00+00:00,95600.0
2024-11-05 00:00:00+00:00,95500.0
2024-11-06 00:00:00+00:00,93100.0
2024-11-07 00:00:00+00:00,93100.0
2024-11-08 00:00:00+00:00,94200.0
2024-11-11 00:00:00+00:00,88100.0
2024-11-12 00:00:00+00:00,84700.0
2024-11-13 00:00:00+00:00,82100.0
2024-11-14 00:00:00+00:00,81100.0
2024-11-15 00:00:00+00:00,81700.0
2024-11-18 00:00:00+00:00,80600.0
2024-11-19 00:00:00+00:00,80800.0
2024-11-20 00:00:00+00:00,81700.0
2024-11-21 00:00:00+00:00,80700.0
2024-11-22 00:00:00+00:00,83400.0
2024-11-25 00:00:00+00:00,84200.0
2024-11-26 00:00:00+00:00,80700.0
2024-11-27 00:00:00+00:00,76600.0
2024-11-28 00:00:00+00:00,76900.0
2024-11-29 00:00:00+00:00,74600.0
2024-12-02 00:00:00+00:00,72300.0
2024-12-03 00:00:00+00:00,74900.0
2024-12-04 00:00:00+00:00,74100.0
